Rk,Player,Age,Team,Lg,WAR,G,PA,AB,R,H,2B,3B,HR,RBI,SB,CS,BB,SO,BA,OBP,SLG,OPS,OPS+,rOBA,Rbat+,TB,GIDP,HBP,SH,SF,IBB,Pos,Awards,Player-additional
1,James Wood,23,WSN,NL,2.7,82,382,315,70,82,19,0,20,49,13,1,61,115,0.26,0.385,0.511,0.896,150,0.39,146,161,2,4,0,2,8,*9D7,,woodja03
2,Taylor Ward,32,BAL,AL,1.8,81,373,304,52,78,18,0,5,22,2,2,64,78,0.257,0.389,0.365,0.754,114,0.345,119,111,7,3,0,2,1,*7D,,wardta01
3,Gunnar Henderson,25,BAL,AL,1.2,81,371,335,45,76,14,2,16,39,6,4,30,88,0.227,0.299,0.424,0.723,101,0.32,102,142,3,5,0,1,1,*6/D,,hendegu01
4,Nick Kurtz,23,ATH,AL,3.7,80,366,291,56,81,15,1,19,62,7,1,73,111,0.278,0.426,0.533,0.959,160,0.418,160,155,5,2,0,0,9,*3/D,,kurtzni01
5,Alex Bregman,32,CHC,NL,2.1,79,361,312,37,76,11,1,6,26,2,1,40,58,0.244,0.338,0.343,0.681,96,0.313,100,107,9,6,0,3,2,*5/DH,,bregmal01
6,Nico Hoerner,29,CHC,NL,1.4,79,360,318,34,76,21,0,4,35,12,2,34,26,0.239,0.317,0.343,0.659,89,0.311,95,109,7,4,0,4,0,*4/6H,,hoernni01
7,Yordan Alvarez,29,HOU,AL,3.7,82,358,296,57,94,16,0,25,56,1,0,55,60,0.318,0.43,0.625,1.055,191,0.446,190,185,2,5,0,2,13,*D7,,alvaryo01
8,Zach Neto,25,LAA,AL,2,79,358,311,56,71,16,2,17,39,11,7,39,117,0.228,0.327,0.457,0.783,119,0.342,119,142,2,7,0,1,1,*6/H,,netoza01
9,Michael Busch,28,CHC,NL,1.7,80,357,292,32,70,13,2,9,44,2,0,54,80,0.24,0.37,0.39,0.76,119,0.35,125,114,4,8,0,3,1,*3/H,,buschmi02
10,Pete Alonso,31,BAL,AL,1.9,82,355,308,51,78,14,0,18,55,2,0,40,83,0.253,0.341,0.474,0.815,127,0.354,123,146,8,3,0,4,2,*3/D,,alonspe01
11,Bo Bichette,28,NYM,NL,-0.1,81,354,327,42,83,12,1,10,45,1,0,21,65,0.254,0.299,0.388,0.688,91,0.301,86,127,9,2,0,4,0,65/D,,bichebo01
12,Ivan Herrera,26,STL,NL,2.4,78,354,283,53,74,13,1,10,35,5,0,48,55,0.261,0.404,0.42,0.824,135,0.382,145,119,8,21,0,2,4,D2,,herreiv01
13,Julio Rodriguez,25,SEA,AL,2,81,354,324,42,80,15,0,14,38,11,3,26,74,0.247,0.308,0.423,0.731,107,0.329,109,137,7,3,0,1,1,*8/D,,rodriju01
14,Pete Crow-Armstrong,24,CHC,NL,5.1,81,350,307,49,88,13,4,17,45,18,5,32,90,0.287,0.367,0.521,0.888,151,0.388,150,160,2,8,1,2,1,*8/H,,crowape01
15,Bryan Reynolds,31,PIT,NL,3.1,81,348,289,54,84,19,2,11,52,5,0,52,74,0.291,0.405,0.484,0.89,144,0.399,150,140,4,5,0,2,2,*79/DH,,reynobr01
16,Trea Turner,33,PHI,NL,-0.2,79,348,324,50,75,13,0,7,23,15,2,21,79,0.231,0.282,0.336,0.618,68,0.287,64,109,4,2,0,1,0,*6/DH,,turnetr01
17,Daylen Lile,23,WSN,NL,1,80,346,314,43,79,17,3,8,38,7,5,24,58,0.252,0.309,0.401,0.711,98,0.309,95,126,4,4,0,4,1,*7D/9,,lileda01
18,Matt Olson,32,ATL,NL,3,79,345,307,53,83,19,0,20,52,2,0,34,79,0.27,0.342,0.528,0.87,142,0.374,139,162,2,1,0,3,2,*3/9,,olsonma02
19,Kevin McGonigle,21,DET,AL,4,78,344,294,47,83,18,3,6,28,9,0,48,46,0.282,0.387,0.425,0.812,125,0.372,129,125,2,2,0,0,0,65/D,,mcgonke01
20,Andy Pages,25,LAD,NL,3.7,80,343,312,46,83,18,1,15,58,8,4,23,69,0.266,0.318,0.474,0.792,119,0.348,120,148,8,3,0,5,0,*8/H,,pagesan01
21,Kyle Schwarber,33,PHI,NL,2.5,77,343,290,52,74,9,1,29,52,1,0,49,117,0.255,0.37,0.593,0.963,157,0.41,157,172,1,4,0,0,3,*D/37H,,schwaky01
22,Sal Stewart,22,CIN,NL,1.1,79,343,297,41,74,17,0,14,55,11,3,42,74,0.249,0.341,0.448,0.789,115,0.352,115,133,6,1,0,3,3,35/D4,,stewasa02
23,Junior Caminero,22,TBR,AL,2.7,78,342,295,49,84,12,0,19,43,0,2,45,61,0.285,0.377,0.519,0.896,145,0.382,143,153,13,0,0,2,5,*5/3,,caminju01
24,Jo Adell,27,LAA,AL,-0.1,81,341,319,37,79,14,0,10,41,3,0,10,79,0.248,0.29,0.386,0.676,89,0.3,86,123,7,10,0,2,0,*9/7D8,,adelljo01
25,Freddie Freeman,36,LAD,NL,2.2,78,341,294,45,83,19,1,13,43,2,0,41,57,0.282,0.372,0.486,0.859,139,0.374,137,143,11,3,0,3,1,*3,,freemfr01
26,Cody Bellinger,30,NYY,AL,4,79,340,288,46,77,16,3,11,49,10,4,47,46,0.267,0.365,0.458,0.823,128,0.367,131,132,2,0,0,5,0,*78/93DH,,bellico01
27,Rafael Devers,29,SFG,NL,0.5,80,340,310,36,73,23,1,12,38,0,0,27,101,0.235,0.297,0.432,0.729,106,0.314,101,134,7,1,0,2,2,*3D,,deverra01
28,Otto Lopez,27,MIA,NL,3.8,80,340,315,51,107,21,3,6,35,16,3,16,48,0.34,0.374,0.483,0.856,141,0.387,146,152,7,4,0,5,0,*6/DH,,lopezot01
29,Brandon Nimmo,33,TEX,AL,1.6,79,340,306,32,81,19,3,8,28,3,1,26,70,0.265,0.332,0.425,0.757,121,0.332,118,130,8,6,0,2,1,*9/D8H,,nimmobr01
30,Shohei Ohtani,31,LAD,NL,2.9,73,340,275,56,81,15,2,17,46,6,2,54,78,0.295,0.414,0.549,0.963,168,0.412,166,151,5,5,0,4,9,*D1/H,,ohtansh01
31,Ozzie Albies,29,ATL,NL,2.2,79,339,303,51,85,14,0,12,42,1,3,24,39,0.281,0.333,0.446,0.779,118,0.336,116,135,3,4,0,8,1,*4,,albieoz01
32,Riley Greene,25,DET,AL,1.5,81,339,291,40,85,16,0,9,34,1,1,44,92,0.292,0.386,0.44,0.826,129,0.369,131,128,8,2,0,2,0,*7/DH,,greenri03
33,Xavier Edwards,26,MIA,NL,2.5,81,338,294,44,86,11,5,6,28,11,3,40,43,0.293,0.374,0.425,0.799,127,0.359,128,125,8,0,1,3,4,*4/D,,edwarxa01
34,Bryce Harper,33,PHI,NL,2.1,81,338,283,54,76,14,2,18,47,5,3,50,64,0.269,0.373,0.523,0.896,141,0.385,141,148,8,0,0,5,2,*3/D,,harpebr03
35,Fernando Tatis Jr.,27,SDP,NL,1,78,338,300,35,85,14,1,3,28,19,8,30,68,0.283,0.347,0.367,0.714,101,0.326,103,110,6,2,1,5,1,94/HD,,tatisfe02
36,JJ Wetherholt,23,STL,NL,3.6,74,338,290,49,76,8,0,12,34,8,0,35,53,0.262,0.361,0.414,0.775,120,0.351,121,120,1,11,0,2,2,*4/6H,,wethejj01
37,Jonathan Aranda,28,TBR,AL,1,77,337,282,40,81,12,0,12,54,0,0,44,78,0.287,0.386,0.457,0.843,133,0.368,130,129,7,5,0,6,3,*3/DH,,arandjo01
38,Alec Burleson,27,STL,NL,1.8,77,337,302,42,87,20,1,13,57,2,0,29,49,0.288,0.353,0.49,0.843,137,0.363,133,148,9,3,0,3,2,*3/HD,,burleal01
39,Ian Happ,31,CHC,NL,2.1,77,337,288,54,66,15,2,16,38,4,0,44,106,0.229,0.338,0.462,0.8,127,0.359,131,133,7,4,0,1,3,*7/D,,happia01
40,Miguel Vargas,26,CHW,AL,2.8,78,337,283,52,68,12,1,17,45,10,2,46,58,0.24,0.354,0.47,0.824,129,0.369,131,133,4,5,0,2,1,*53/DH,,vargami01
41,Christian Walker,35,HOU,AL,1.5,81,337,304,43,71,14,1,18,52,0,0,28,75,0.234,0.306,0.464,0.769,111,0.342,114,141,8,4,0,1,2,*3/DH,,walkech02
42,Bobby Witt Jr.,26,KCR,AL,4.3,76,337,299,40,88,19,1,10,32,28,4,35,57,0.294,0.368,0.465,0.833,134,0.386,138,139,6,1,0,2,3,*6,,wittbo02
43,Brice Turang,26,MIL,NL,3.1,74,336,283,58,75,16,3,11,47,13,2,49,87,0.265,0.371,0.459,0.831,129,0.37,128,130,6,0,2,2,3,*4/6,,turanbr02
44,Ketel Marte,32,ARI,NL,1.4,76,335,306,42,81,17,2,13,47,1,0,25,47,0.265,0.319,0.461,0.78,114,0.337,109,141,4,1,0,3,0,*4D/H,,marteke01
45,Mike Trout,34,LAA,AL,2.8,74,335,265,54,62,12,0,17,36,7,0,66,83,0.234,0.394,0.472,0.866,144,0.391,149,125,5,4,0,0,8,*8D,,troutmi01
46,Shea Langeliers,28,ATH,AL,3,73,334,303,49,80,16,0,19,42,1,1,26,64,0.264,0.329,0.505,0.834,124,0.36,121,153,4,4,0,1,2,*2D,,langesh01
47,CJ Abrams,25,WSN,NL,3,79,333,290,51,83,15,2,17,57,13,4,30,67,0.286,0.369,0.528,0.897,149,0.392,150,153,4,10,0,3,2,*6/HD,,abramcj01
48,Wilyer Abreu,27,BOS,AL,3,77,333,298,35,81,16,2,10,38,6,2,30,64,0.272,0.335,0.44,0.775,118,0.339,115,131,6,0,1,3,1,*9,,abreuwi02
49,Matt Chapman,33,SFG,NL,2.8,79,333,289,35,70,17,1,7,42,0,1,36,74,0.242,0.333,0.381,0.714,105,0.319,106,110,6,5,0,3,1,*5/D,,chapmma01
50,Luis Arraez,29,SFG,NL,2.4,75,332,299,40,96,16,6,3,30,6,0,18,13,0.321,0.358,0.445,0.803,129,0.355,128,133,5,3,5,7,3,*4/DH,,arraelu01
51,Willy Adames,30,SFG,NL,1.1,78,331,311,40,70,19,1,14,32,1,2,18,91,0.225,0.269,0.428,0.697,96,0.308,98,133,2,1,0,1,0,*6,,adamewi01
52,Brandon Lowe,31,PIT,NL,2.8,75,331,293,50,73,19,1,19,51,0,0,33,83,0.249,0.326,0.515,0.842,128,0.364,127,151,3,2,0,3,0,*4/DH,,lowebr01
53,Yandy Diaz,34,TBR,AL,2.5,75,330,287,41,95,14,1,12,51,1,0,32,44,0.331,0.412,0.512,0.924,155,0.403,155,147,9,9,0,2,4,*D,,diazya01
54,Tyler Soderstrom,24,ATH,AL,2.3,78,330,285,41,70,20,2,13,41,1,1,42,58,0.246,0.345,0.467,0.812,119,0.36,122,133,7,2,0,1,4,*7/HD,,soderty01
55,Jordan Walker,24,STL,NL,3,77,330,303,46,88,16,0,18,58,10,3,23,84,0.29,0.342,0.521,0.864,141,0.38,144,158,6,2,0,2,1,*9/DH,,walkejo02
56,Corbin Carroll,25,ARI,NL,3.5,77,329,287,48,80,17,9,13,42,9,1,36,70,0.279,0.365,0.537,0.901,147,0.39,144,154,4,4,0,2,1,*9/D,,carroco02
57,Cole Young,22,SEA,AL,2.3,82,328,295,34,74,12,1,7,37,2,3,22,58,0.251,0.315,0.369,0.684,96,0.302,94,109,2,7,1,3,0,*4/6,,youngco01
58,Jakob Marsee,25,MIA,NL,-0.2,79,327,273,40,54,10,3,4,19,18,9,43,77,0.198,0.321,0.3,0.621,78,0.296,86,82,1,7,3,1,0,*8/HD,,marseja01
59,Vladimir Guerrero Jr.,27,TOR,AL,0.7,77,326,282,44,77,12,0,4,32,6,1,35,35,0.273,0.356,0.358,0.714,96,0.326,95,101,9,4,0,5,5,*3/DH,,guerrvl02
60,Chase Meidroth,24,CHW,AL,1.4,77,325,289,44,77,14,0,6,25,2,2,27,81,0.266,0.331,0.377,0.708,99,0.317,98,109,4,2,4,2,0,*4/6H5,,meidrch01
61,Geraldo Perdomo,26,ARI,NL,2.2,77,325,266,35,62,10,3,4,27,11,7,48,40,0.233,0.349,0.338,0.687,93,0.315,96,90,7,2,4,5,0,*6/H,,perdoge01
62,Ben Rice,27,NYY,AL,2,75,325,281,56,79,15,2,22,53,2,0,40,76,0.281,0.372,0.584,0.956,162,0.411,162,164,5,2,0,2,3,3D/H,,ricebe01
63,Josh Naylor,29,SEA,AL,-0.3,75,324,295,28,76,10,0,8,33,14,3,25,42,0.258,0.319,0.373,0.692,98,0.318,99,110,11,2,0,1,2,*3,,naylojo01
64,Kazuma Okamoto,30,TOR,AL,1.9,79,324,286,42,69,11,0,18,51,0,0,32,102,0.241,0.324,0.469,0.793,113,0.344,110,134,5,4,0,2,0,*5/3D,,okamoka01
65,William Contreras,28,MIL,NL,1.6,74,323,288,45,87,12,0,8,48,1,2,30,42,0.302,0.365,0.427,0.792,119,0.351,120,123,7,1,0,4,3,*2D/H,,contrwi02
66,Manny Machado,33,SDP,NL,-0.4,77,323,283,37,52,13,0,14,43,1,1,34,72,0.184,0.267,0.378,0.645,79,0.292,80,107,6,0,1,5,1,*5/D,,machama01
67,Jarren Duran,29,BOS,AL,0.6,73,322,295,37,59,9,2,12,38,11,0,21,96,0.2,0.258,0.366,0.624,75,0.281,69,108,2,3,0,3,0,*7/8DH,,duranja01
68,Willson Contreras,34,BOS,AL,2.7,77,321,275,38,76,13,2,16,46,1,1,29,83,0.276,0.371,0.513,0.883,148,0.383,148,141,7,14,0,3,1,*3/D,,contrwi01
69,Josh Jung,28,TEX,AL,1.4,75,321,291,36,86,17,0,8,31,1,1,24,54,0.296,0.355,0.436,0.792,131,0.352,134,127,13,4,0,2,0,*5,,jungjo01
70,Jackson Merrill,23,SDP,NL,0.8,76,321,293,34,62,15,1,8,31,15,1,24,79,0.212,0.274,0.352,0.625,74,0.283,66,103,4,1,3,0,2,*8,,merrija01
71,Austin Riley,29,ATL,NL,0.5,79,321,285,32,61,12,1,8,36,4,1,28,93,0.214,0.296,0.347,0.643,82,0.295,83,99,6,6,0,2,0,*5/H,,rileyau01
72,Salvador Perez,36,KCR,AL,-1,76,320,298,29,60,9,0,10,30,0,0,12,61,0.201,0.244,0.332,0.576,61,0.26,59,99,9,6,0,4,1,2D/3,,perezsa02
73,Isaac Paredes,27,HOU,AL,1.3,76,318,273,31,67,15,0,10,41,0,0,31,53,0.245,0.343,0.41,0.753,110,0.342,114,112,8,11,0,3,0,*53/D4H,,paredis01
74,Marcus Semien,35,NYM,NL,-0.6,80,318,290,30,62,8,1,9,29,6,2,23,68,0.214,0.271,0.341,0.613,71,0.28,70,99,10,1,1,3,0,*4,,semiema01
75,Kyle Tucker,29,LAD,NL,0.7,75,318,273,44,64,16,2,6,40,6,0,40,65,0.234,0.333,0.374,0.707,98,0.324,99,102,0,2,0,3,0,*9/H,,tuckeky01
76,Carson Benge,23,NYM,NL,1.3,78,316,289,43,74,10,2,9,30,11,2,23,69,0.256,0.32,0.398,0.718,100,0.334,106,115,2,4,0,0,0,*978/HD,,bengeca01
77,Colson Montgomery,24,CHW,AL,2,76,316,278,36,61,14,0,20,46,1,1,29,99,0.219,0.313,0.486,0.799,120,0.342,116,135,4,9,0,0,3,*65/HD,,montgco01
78,Byron Buxton,32,MIN,AL,3,70,315,289,54,78,14,1,25,41,7,0,22,80,0.27,0.327,0.585,0.912,146,0.392,143,169,2,3,0,1,1,8D,,buxtoby01
79,Jake Burger,30,TEX,AL,1.8,78,314,286,36,73,14,0,14,48,1,0,24,82,0.255,0.315,0.451,0.766,122,0.336,121,129,5,2,0,2,0,*3/HD,,burgeja01
80,Hunter Goodman,26,COL,NL,1.8,75,314,284,48,68,12,0,21,39,5,2,25,104,0.239,0.309,0.504,0.812,112,0.355,112,143,3,4,0,1,2,2D/H,,goodmhu01
81,José Ramírez,33,CLE,AL,2.5,72,314,268,42,64,18,0,10,33,24,2,41,44,0.239,0.339,0.418,0.757,112,0.351,112,112,1,1,0,3,5,*5D,,ramirjo01
82,T.J. Rumfield,26,COL,NL,1.9,78,314,278,35,79,15,2,12,43,0,0,28,47,0.284,0.36,0.482,0.842,122,0.369,123,134,2,6,0,2,0,*3D/H,,rumfitj01
83,Randy Arozarena,31,SEA,AL,2.5,74,313,271,47,77,18,1,7,33,19,4,29,71,0.284,0.371,0.435,0.806,131,0.373,136,118,7,10,0,3,0,*7/D,,arozara01
84,Josh Bell,33,MIN,AL,0.1,79,313,286,40,70,15,0,9,49,1,0,23,71,0.245,0.304,0.392,0.695,91,0.312,90,112,5,2,0,2,0,*D3/H,,belljo02
85,Jazz Chisholm,28,NYY,AL,1,77,313,276,42,63,10,2,12,33,24,4,34,87,0.228,0.313,0.409,0.723,100,0.332,98,113,2,1,0,2,0,*4/HD,,chishja01
86,Ernie Clement,30,TOR,AL,1,78,311,299,36,88,20,1,7,28,2,1,10,32,0.294,0.315,0.438,0.753,103,0.331,101,131,5,0,0,2,0,*46/5H,,clemeer01
87,Spencer Torkelson,26,DET,AL,-0.4,80,310,268,30,56,17,0,12,31,0,1,35,101,0.209,0.307,0.407,0.714,96,0.314,94,109,6,4,0,2,0,*3/H,,torkesp01
88,Alec Bohm,29,PHI,NL,-0.3,77,309,282,24,63,10,0,9,42,1,0,20,44,0.223,0.278,0.355,0.633,71,0.298,76,100,9,3,0,4,0,*5/3H,,bohmal01
89,Dillon Dingler,27,DET,AL,2.9,74,309,276,42,74,15,2,19,57,0,0,23,65,0.268,0.336,0.543,0.879,139,0.385,142,150,8,6,0,2,0,*2D/H,,dingldi01
90,Brooks Lee,25,MIN,AL,0.5,78,309,283,38,68,11,2,13,45,4,2,22,48,0.24,0.299,0.431,0.73,99,0.332,105,122,4,2,1,1,0,65/H,,leebr02
91,Cam Smith,23,HOU,AL,1.1,81,307,271,31,60,12,1,8,28,9,1,28,79,0.221,0.301,0.362,0.662,84,0.302,82,98,6,4,0,3,0,*9/H,,smithca07
92,Nick Gonzales,27,PIT,NL,0.9,75,305,283,42,84,11,1,3,35,4,2,16,55,0.297,0.344,0.375,0.719,99,0.325,99,106,9,5,0,1,0,*54/6H,,gonzani01
93,Casey Schmitt,27,SFG,NL,1.4,72,305,289,35,85,15,1,16,42,7,1,7,60,0.294,0.321,0.519,0.84,136,0.363,133,150,5,6,0,3,0,7D3/465,,schmica01
94,Chandler Simpson,25,TBR,AL,0.6,76,303,280,33,74,6,4,0,16,19,8,17,31,0.264,0.304,0.314,0.619,72,0.287,72,88,2,0,4,2,0,*7/H8,,simpsch01
95,Mauricio Dubon,31,ATL,NL,1.8,75,302,280,32,74,15,2,8,43,1,2,19,44,0.264,0.316,0.418,0.733,106,0.325,107,117,4,2,0,0,0,678/5HD,,dubonma01
96,Luke Keaschall,23,MIN,AL,0.2,76,302,265,38,66,12,1,2,24,11,3,29,47,0.249,0.331,0.325,0.656,83,0.306,84,86,4,5,0,3,1,*4/H9,,keasclu01
97,Spencer Steer,28,CIN,NL,0,76,301,267,45,64,13,0,13,33,3,0,29,68,0.24,0.319,0.434,0.753,105,0.333,102,116,8,3,0,2,0,3794/H5D,,steersp01
98,Xander Bogaerts,33,SDP,NL,1.2,75,299,261,32,60,4,0,8,30,10,1,33,55,0.23,0.321,0.337,0.658,85,0.319,94,88,2,3,0,2,0,*6,,bogaexa01
99,Steven Kwan,28,CLE,AL,0.8,73,299,251,32,53,9,0,1,13,3,1,39,32,0.211,0.322,0.259,0.581,67,0.279,70,65,6,3,3,2,1,*87/H,,kwanst01
100,Ceddanne Rafaela,25,BOS,AL,3.7,75,299,277,33,79,18,3,7,35,10,6,15,61,0.285,0.336,0.448,0.783,120,0.348,124,124,8,6,1,0,0,*8/H,,rafaece01
101,Dansby Swanson,32,CHC,NL,2.3,77,299,256,48,51,9,2,11,46,10,0,37,71,0.199,0.299,0.379,0.678,93,0.325,103,97,2,1,1,4,0,*6/DH,,swansda01
102,Brandon Marsh,28,PHI,NL,2.1,76,297,278,46,90,14,2,12,41,8,3,14,74,0.324,0.357,0.518,0.875,135,0.379,135,144,2,2,0,3,1,*789/H,,marshbr02
103,Masyn Winn,24,STL,NL,1.2,70,297,261,32,64,11,2,3,31,6,2,25,58,0.245,0.32,0.337,0.657,87,0.306,92,88,7,6,0,5,0,*6,,winnma01
104,Brayan Rocchio,25,CLE,AL,2.2,78,296,260,31,70,12,2,5,33,12,4,24,40,0.269,0.344,0.388,0.732,106,0.338,111,101,4,7,2,3,0,*64,,rocchbr01
105,Spencer Horwitz,28,PIT,NL,1.2,74,295,246,36,69,11,1,10,33,1,0,40,40,0.28,0.386,0.455,0.842,131,0.374,133,112,10,5,0,4,0,*3/HD,,horwisp01
106,Maikel Garcia,26,KCR,AL,1.7,69,294,268,32,70,17,2,3,30,5,3,24,45,0.261,0.32,0.373,0.693,96,0.305,92,100,6,0,0,2,0,*5/6HD,,garcima01
107,Jung Hoo Lee,27,SFG,NL,1.5,72,293,274,41,91,19,3,5,30,5,0,13,27,0.332,0.365,0.478,0.843,140,0.372,139,131,3,3,0,3,0,*98/H,,leeju01
108,Vinnie Pasquantino,28,KCR,AL,0.3,68,291,254,28,57,10,2,6,32,3,0,32,51,0.224,0.309,0.35,0.66,87,0.303,87,89,3,1,0,4,2,*3/H,,pasquvi01
109,Jac Caglianone,23,KCR,AL,2.1,76,289,261,39,70,12,1,14,30,3,1,24,87,0.268,0.339,0.483,0.822,130,0.365,132,126,3,4,0,0,0,*93/DH,,caglija01
110,Nolan Arenado,35,ARI,NL,1.1,75,288,256,34,61,14,0,8,33,3,0,23,58,0.238,0.313,0.387,0.699,93,0.32,96,99,6,6,0,3,1,*5/DH,,arenano01
111,Liam Hicks,27,MIA,NL,2.1,73,288,248,40,69,7,1,13,53,1,0,29,28,0.278,0.359,0.472,0.831,134,0.364,133,117,2,5,1,5,1,2D3H,,hicksli01
112,Matt McLain,26,CIN,NL,0.2,75,288,250,31,50,13,0,8,25,11,2,34,75,0.2,0.303,0.348,0.651,79,0.299,76,87,3,3,1,0,0,*46/H,,mclaima01
113,Carter Jensen,22,KCR,AL,0.9,75,287,254,39,62,16,0,11,42,1,0,27,76,0.244,0.314,0.437,0.751,110,0.329,107,111,3,1,0,5,1,2D/H,,jenseca01
114,Bryson Stott,28,PHI,NL,0.3,75,286,261,30,62,15,3,7,40,15,0,20,49,0.238,0.296,0.398,0.694,87,0.319,83,104,7,2,2,1,0,*4/H,,stottbr01
115,Ezequiel Tovar,24,COL,NL,-0.5,75,284,264,24,55,14,0,6,25,4,0,15,81,0.208,0.254,0.33,0.583,54,0.269,49,87,5,2,0,3,0,*6/H,,tovarez01
116,Oneil Cruz,27,PIT,NL,1.2,64,283,250,45,66,10,0,14,44,21,4,30,98,0.264,0.35,0.472,0.822,124,0.377,129,118,3,3,0,0,2,*8/DH,,cruzon01
117,Max Muncy (LAD),35,LAD,NL,3.2,75,282,244,47,65,11,0,16,34,1,0,35,68,0.266,0.365,0.508,0.873,142,0.376,139,124,4,3,0,0,1,*5/H,,muncyma01
118,Michael Harris,25,ATL,NL,2.5,73,279,265,37,81,13,0,14,42,4,1,12,57,0.306,0.337,0.513,0.85,136,0.369,136,136,2,1,0,1,0,*8/HD7,,harrimi04
119,Jake Bauers,30,MIL,NL,1.5,69,276,236,45,64,12,1,14,48,5,1,37,69,0.271,0.377,0.508,0.885,143,0.388,144,120,3,3,0,0,3,*37/9HD,,bauerja01
120,Seiya Suzuki,31,CHC,NL,2.3,65,275,240,36,62,10,0,10,31,0,0,31,74,0.258,0.349,0.425,0.774,121,0.355,130,102,6,3,0,1,3,9D/H,,suzukse01
121,Andres Gimenez,27,TOR,AL,0.5,77,272,251,22,58,12,1,7,33,10,2,8,53,0.231,0.274,0.371,0.645,74,0.288,67,93,6,8,2,3,0,*6/H,,gimenan01
122,Troy Johnston,29,COL,NL,0.2,73,271,242,30,76,22,0,3,35,4,4,22,47,0.314,0.378,0.442,0.82,118,0.356,117,107,2,4,1,2,0,973D/H,,johnstr02
123,Willi Castro,29,COL,NL,1.2,69,270,241,36,68,13,0,6,33,6,4,25,68,0.282,0.356,0.411,0.766,104,0.342,105,99,3,3,0,1,0,4563/7H8,,castrwi01
124,Chase DeLauter,24,CLE,AL,0.6,66,270,240,24,63,12,1,7,34,2,1,28,36,0.263,0.337,0.408,0.745,109,0.331,108,98,6,0,0,2,0,9D/H,,delauch01
125,Ryan O'Hearn,32,PIT,NL,0.3,66,270,246,35,70,11,0,11,45,1,0,20,60,0.285,0.341,0.463,0.804,119,0.356,121,114,11,2,0,2,1,93D/H,,ohearry01
126,Isaac Collins,28,KCR,AL,-0.4,72,269,227,28,51,11,0,3,23,4,4,33,65,0.225,0.333,0.313,0.646,85,0.299,89,71,3,5,2,2,0,*7/H4D,,colliis01
127,J.P. Crawford,31,SEA,AL,0.7,64,268,224,33,50,5,0,10,24,1,3,38,50,0.223,0.347,0.379,0.726,109,0.324,111,85,3,5,0,1,0,6/5HD,,crawfjp01
128,Kody Clemens,30,MIN,AL,1.3,68,266,241,32,58,16,2,11,30,6,2,18,58,0.241,0.307,0.461,0.767,109,0.337,107,111,4,5,2,0,1,379/84H,,clemeko01
129,Elly De La Cruz,24,CIN,NL,2.2,60,266,239,41,66,13,2,12,37,10,5,24,78,0.276,0.346,0.498,0.844,128,0.371,132,119,2,2,0,1,0,*6/D,,delacel01
130,Brett Baty,26,NYM,NL,0,77,265,235,26,51,9,1,3,26,3,1,24,75,0.217,0.295,0.302,0.598,68,0.28,70,71,2,3,0,2,0,593/H4D6,,batybr01
131,Ezequiel Duran,27,TEX,AL,1.5,72,265,241,32,63,15,2,6,40,5,1,20,64,0.261,0.318,0.415,0.733,113,0.329,115,100,3,1,1,2,0,6475/9H38,,duranez01
132,Cedric Mullins,31,TBR,AL,-0.1,68,265,230,26,47,4,1,6,22,13,6,23,52,0.204,0.29,0.309,0.598,66,0.276,64,71,2,5,4,1,0,*8/H,,mullice01
133,Nasim Nunez,25,WSN,NL,1.6,76,265,229,31,55,4,3,0,27,31,3,28,60,0.24,0.324,0.284,0.608,74,0.31,76,65,1,1,6,1,0,*46/HD,,nunezna01
134,Nolan Schanuel,24,LAA,AL,1.1,64,265,237,28,62,13,0,6,30,0,1,21,40,0.262,0.332,0.392,0.724,104,0.332,111,93,8,5,0,2,0,*3/H,,schanno01
135,Trent Grisham,29,NYY,AL,0.9,66,264,224,40,52,11,2,8,35,6,1,38,42,0.232,0.341,0.406,0.747,108,0.342,111,91,4,0,0,2,0,*8/H,,grishtr01
136,Juan Soto,27,NYM,NL,2.3,62,264,224,36,67,7,1,17,38,6,3,38,34,0.299,0.399,0.567,0.966,167,0.408,164,127,3,0,0,1,6,7D,,sotoju01
137,Ildemaro Vargas,34,ARI,NL,1.2,70,264,245,38,64,11,2,7,44,1,0,14,24,0.261,0.305,0.408,0.714,96,0.323,99,100,3,2,1,1,2,34/H5D716,,vargail01
138,Sal Frelick,26,MIL,NL,-0.4,73,262,228,28,53,11,0,3,29,5,2,23,25,0.232,0.302,0.32,0.622,73,0.289,73,73,4,1,1,3,1,*9H/D,,frelisa01
139,George Springer,36,TOR,AL,-0.1,59,262,228,26,50,11,0,8,21,6,2,27,50,0.219,0.309,0.373,0.682,85,0.314,87,85,5,3,0,1,0,*D/H,,springe01
140,Aaron Judge,34,NYY,AL,2.1,59,261,214,43,53,10,0,17,38,5,3,42,72,0.248,0.375,0.533,0.907,150,0.393,151,114,8,2,0,1,5,9/D,,judgeaa01
141,Jeff McNeil,34,ATH,AL,-0.2,74,260,232,21,55,10,0,3,20,1,2,21,35,0.237,0.309,0.319,0.628,72,0.284,70,74,6,4,1,2,1,*4/H395,,mcneije01
142,Jacob Young,26,WSN,NL,0.8,77,260,243,31,55,8,2,8,30,8,2,12,49,0.226,0.274,0.374,0.649,81,0.302,85,91,4,4,1,0,0,*8/HD,,youngja03
143,Adolis García,33,PHI,NL,-0.7,67,259,231,21,45,8,1,7,21,3,0,21,84,0.195,0.27,0.329,0.599,63,0.272,57,76,2,4,0,3,0,*9/H8,,garciad02
144,Luis García Jr.,26,WSN,NL,1,75,259,247,34,65,12,3,13,49,2,1,11,41,0.263,0.293,0.494,0.787,117,0.343,117,122,5,0,0,1,0,*3H/D,,garcilu04
145,Jose Altuve,36,HOU,AL,0,60,257,230,36,54,12,0,8,21,1,2,24,58,0.235,0.309,0.391,0.7,94,0.315,97,90,10,1,1,1,1,*4/D,,altuvjo01
146,Gavin Sheets,30,SDP,NL,0.2,73,257,228,29,51,13,0,12,33,4,0,27,61,0.224,0.311,0.439,0.75,108,0.331,105,100,6,2,0,0,0,37D/H9,,sheetga01
147,Jorge Soler,34,LAA,AL,0.2,61,256,223,30,49,10,1,11,37,0,0,25,81,0.22,0.305,0.422,0.726,103,0.325,105,94,7,4,0,4,0,D/9H,,solerjo01
148,Caleb Durbin,26,BOS,AL,1.4,72,255,232,27,52,16,1,6,32,7,3,15,36,0.224,0.281,0.379,0.66,86,0.293,83,88,6,4,2,2,0,*5/H,,durbica01
149,Daulton Varsho,29,TOR,AL,1.5,68,255,229,31,61,15,2,7,22,7,0,23,50,0.266,0.337,0.441,0.778,110,0.347,107,101,1,2,0,1,2,*8/HD,,varshda01
150,Kyle Karros,23,COL,NL,0.6,76,254,221,35,55,13,1,4,21,2,0,30,54,0.249,0.339,0.371,0.71,89,0.326,91,82,2,1,0,2,0,*5/H,,karroky01
151,Kyle Manzardo,25,CLE,AL,0.7,71,253,219,26,51,7,1,9,27,0,0,28,80,0.233,0.328,0.397,0.725,104,0.323,103,87,4,4,0,2,0,*3DH,,manzaky01
152,Joc Pederson,34,TEX,AL,1.3,76,253,214,32,53,7,2,12,28,0,0,32,52,0.248,0.349,0.467,0.816,137,0.359,138,100,8,3,0,3,1,*DH/39,,pederjo01
153,Leody Taveras,27,BAL,AL,0.8,70,252,219,30,56,10,5,2,30,9,2,24,60,0.256,0.331,0.374,0.705,99,0.324,100,82,2,1,7,1,0,*89/H5,,taverle01
154,Drake Baldwin,25,ATL,NL,1.8,56,249,220,42,59,6,0,14,39,1,1,24,63,0.268,0.349,0.486,0.836,134,0.365,134,107,7,4,0,1,1,2D/H,,baldwdr01
155,Samuel Basallo,21,BAL,AL,1.5,68,249,226,29,58,9,1,12,35,0,0,21,65,0.257,0.317,0.465,0.782,117,0.342,116,105,4,0,0,2,1,2DH/3,,basalsa01
156,Garrett Mitchell,27,MIL,NL,1,68,249,214,32,53,14,2,5,34,6,5,31,85,0.248,0.347,0.402,0.749,107,0.324,103,86,2,2,1,1,1,*8/HD,,mitchga01
157,Austin Martin,27,MIN,AL,0.9,73,248,211,29,51,11,0,2,17,8,5,31,45,0.242,0.351,0.322,0.673,89,0.32,98,68,4,5,0,1,0,*97H/8,,martiau01
158,Oswald Peraza,26,LAA,AL,1.9,73,247,231,23,59,11,2,7,21,9,2,9,69,0.255,0.301,0.411,0.712,99,0.331,106,95,4,6,1,0,0,45H/6D3,,perazos02
159,Jose Caballero,29,NYY,AL,1.3,68,246,224,31,58,10,0,8,28,18,7,15,50,0.259,0.317,0.411,0.728,102,0.329,102,92,8,5,0,2,0,6/7594H8D,,cabaljo01
160,Munetaka Murakami,26,CHW,AL,2,57,246,200,43,48,4,0,20,41,1,3,44,80,0.24,0.378,0.56,0.938,159,0.391,153,112,2,1,0,1,4,3/DH,,murakmu01
161,Justin Crawford,22,PHI,NL,-0.4,75,244,226,22,55,11,2,2,16,9,3,16,52,0.243,0.299,0.336,0.635,73,0.29,70,76,1,2,0,0,0,*8/H,,crawfju01
162,Sam Antonacci,23,CHW,AL,1.5,61,243,206,37,59,10,2,4,22,11,4,18,37,0.286,0.386,0.413,0.799,125,0.378,138,85,1,16,2,1,0,*74/H,,antonsa01
163,Andrew Benintendi,31,CHW,AL,-0.3,71,243,220,30,51,10,2,9,38,1,0,19,63,0.232,0.289,0.418,0.707,96,0.311,92,92,3,0,1,3,0,*DH/79,,beninan01
164,Angel Martínez,24,CLE,AL,0.6,66,243,226,28,54,11,1,11,33,9,2,7,53,0.239,0.276,0.442,0.719,99,0.32,97,100,5,5,4,1,0,*79/8H,,martian02
165,Kyle Stowers,28,MIA,NL,0.2,57,240,210,25,47,14,2,8,29,1,1,23,75,0.224,0.314,0.424,0.738,107,0.325,107,89,6,5,1,1,2,793/DH,,stoweky01
166,Curtis Mead,25,WSN,NL,1.1,66,237,206,36,46,10,0,14,39,3,2,27,44,0.223,0.325,0.476,0.801,122,0.35,123,98,6,4,0,0,0,35H/4D,,meadcu01
167,Ronald Acuña Jr.,28,ATL,NL,0.9,53,236,195,31,49,10,1,7,22,15,7,35,52,0.251,0.373,0.421,0.793,124,0.355,127,82,0,4,0,2,2,9/D,,acunaro01
168,Trevor Larnach,29,MIN,AL,0.9,66,236,203,35,56,12,1,5,24,2,1,29,44,0.276,0.374,0.419,0.793,120,0.36,125,85,6,3,1,0,1,*7H/D,,larnatr01
169,Mark Vientos,26,NYM,NL,-0.8,67,235,221,24,48,9,0,10,33,0,0,10,54,0.217,0.255,0.394,0.649,79,0.279,70,87,10,2,0,2,0,*3H/D5,,vientma01
170,Jake McCarthy,28,COL,NL,0.3,66,234,213,27,63,13,4,5,32,12,3,14,43,0.296,0.338,0.465,0.802,111,0.353,107,99,3,1,3,3,0,*879/HD,,mccarja02
171,Rhys Hoskins,33,CLE,AL,-0.6,65,233,189,25,33,12,0,7,27,0,0,37,71,0.175,0.313,0.349,0.663,87,0.305,90,66,3,3,0,4,0,3DH/7,,hoskirh01
172,Connor Norby,26,MIA,NL,-0.2,65,233,200,17,41,12,0,4,16,6,3,24,70,0.205,0.313,0.325,0.638,82,0.295,85,65,5,8,0,1,0,35D/H,,norbyco01
173,Jesus Sanchez,28,TOR,AL,-0.3,72,232,213,22,59,14,0,7,29,1,1,10,51,0.277,0.319,0.441,0.76,105,0.327,98,94,4,5,0,4,1,*97H/D,,sanchje02
174,Colt Keith,24,DET,AL,0.1,73,230,215,28,54,8,2,4,17,4,0,11,45,0.251,0.296,0.363,0.658,82,0.296,76,78,4,3,0,1,0,5DH/3,,keithco01
175,Evan Carter,23,TEX,AL,1.4,66,229,193,26,34,6,2,6,21,10,0,29,54,0.176,0.292,0.321,0.613,80,0.29,82,62,0,3,3,1,0,*8/H,,carteev01
176,Nolan Gorman,26,STL,NL,-0.3,62,229,201,19,39,4,0,7,26,0,1,25,74,0.194,0.279,0.318,0.598,70,0.264,64,64,1,0,0,3,2,5D/H,,gormano01
177,Zack Gelof,26,ATH,AL,2.2,62,228,209,40,59,10,1,11,29,8,1,14,55,0.282,0.336,0.498,0.834,124,0.382,132,104,5,3,2,0,0,584/H9,,gelofza01
178,Marcelo Mayer,23,BOS,AL,0,70,228,205,19,45,10,0,3,22,3,0,16,44,0.22,0.282,0.312,0.594,69,0.278,70,64,5,3,0,3,0,46/H,,mayerma01
179,Adley Rutschman,28,BAL,AL,1.6,54,228,201,26,51,15,1,8,40,0,1,23,33,0.254,0.329,0.458,0.787,119,0.344,119,92,5,1,0,3,0,2D/H,,rutscad01
180,Daniel Schneemann,29,CLE,AL,1.1,65,227,206,24,43,9,0,6,26,4,2,21,68,0.209,0.282,0.34,0.622,74,0.282,74,70,5,0,0,0,0,854H/69,,schneda04
181,Victor Caratini,32,MIN,AL,0,59,222,186,19,45,6,0,6,30,0,0,21,42,0.242,0.333,0.371,0.704,95,0.323,98,69,4,8,0,7,0,23/HD,,caratvi01
182,Luke Raley,31,SEA,AL,0.3,71,222,202,25,48,7,1,14,35,1,1,12,72,0.238,0.3,0.49,0.79,122,0.342,121,99,0,6,2,0,1,*9H/7D8,,raleylu01
183,Marcell Ozuna,35,PIT,NL,-0.8,54,221,199,16,40,5,0,6,25,0,0,20,65,0.201,0.281,0.317,0.597,65,0.277,65,63,4,2,0,0,1,D/H,,ozunama01
184,Lawrence Butler,25,ATH,AL,-1.2,73,220,198,28,39,7,0,5,21,6,3,22,59,0.197,0.277,0.308,0.585,60,0.272,59,61,3,0,0,0,1,*98H/D,,butlela01
185,Coby Mayo,24,BAL,AL,-0.8,64,220,201,27,38,7,0,10,30,1,0,16,74,0.189,0.255,0.373,0.628,74,0.281,72,75,3,2,0,1,0,5/D3H,,mayoco01
186,Tristan Peters,26,CHW,AL,2,75,220,196,25,56,17,2,3,24,4,2,16,40,0.286,0.347,0.439,0.786,119,0.347,119,86,0,3,4,1,0,*89/H7,,petertr01
187,JJ Bleday,28,CIN,NL,1.2,51,219,185,28,45,11,1,13,35,2,2,29,43,0.243,0.349,0.524,0.873,136,0.378,138,97,3,2,0,2,1,7/D9H,,bledajj01
188,Matt Vierling,29,DET,AL,-1.1,68,219,198,17,40,11,1,5,27,2,2,17,36,0.202,0.26,0.343,0.604,66,0.263,58,68,4,0,0,4,0,*8H/97,,vierlma01
189,Cal Raleigh,29,SEA,AL,-0.3,50,218,191,18,32,5,0,8,21,2,1,25,68,0.168,0.261,0.319,0.581,66,0.262,64,61,4,0,0,2,0,2D/H,,raleica01
190,Owen Caissie,23,MIA,NL,-0.3,69,217,193,24,44,11,0,9,43,4,1,16,85,0.228,0.286,0.425,0.711,99,0.316,98,82,2,2,0,6,0,*9/HD,,caissow01
191,Tyler Stephenson,29,CIN,NL,0.4,62,217,189,15,40,7,0,6,22,0,1,26,57,0.212,0.304,0.344,0.648,78,0.294,77,65,4,0,0,2,0,*2/H,,stephty01
192,Mike Yastrzemski,35,ATL,NL,0.5,71,217,193,27,44,9,1,4,19,1,0,20,54,0.228,0.313,0.347,0.661,87,0.303,89,67,1,4,0,0,0,*79H/8D,,yastrmi01
193,Paul Goldschmidt,38,NYY,AL,1.8,55,216,196,31,59,9,1,14,40,1,0,16,44,0.301,0.361,0.571,0.933,156,0.399,153,112,2,3,0,1,0,3D/H,,goldspa01
194,Taylor Walls,29,TBR,AL,1.7,61,215,179,29,40,9,2,0,18,12,2,26,54,0.223,0.325,0.296,0.621,74,0.3,75,53,2,2,6,2,0,*6/H,,wallsta01
195,David Hamilton,28,MIL,NL,0.8,65,214,184,31,42,5,1,3,12,16,5,20,50,0.228,0.307,0.315,0.623,73,0.289,69,58,1,1,8,0,0,56/4H,,hamilda03
196,Jacob Wilson,24,ATH,AL,0.2,50,214,202,23,56,10,0,4,26,2,0,10,25,0.277,0.31,0.386,0.696,89,0.321,92,78,4,0,1,1,0,6,,wilsoja05
197,Travis Bazzana,23,CLE,AL,1.5,50,213,184,24,48,11,1,7,24,12,3,26,43,0.261,0.357,0.446,0.802,125,0.362,125,82,0,2,0,1,1,4/DH,,bazzatr01
198,Edouard Julien,27,COL,NL,-0.8,68,211,184,23,41,5,1,2,17,4,3,26,57,0.223,0.322,0.293,0.616,66,0.288,67,54,6,1,0,0,0,4H3/D,,julieed01
199,J.T. Realmuto,35,PHI,NL,0.3,56,211,187,21,38,8,0,5,24,3,0,17,41,0.203,0.284,0.326,0.611,66,0.281,63,61,3,5,0,2,0,*2,,realmjt01
200,Gabriel Moreno,26,ARI,NL,2.1,53,210,180,26,50,12,0,6,26,4,1,23,35,0.278,0.362,0.444,0.806,123,0.364,127,80,3,3,0,4,0,2/DH,,morenga01
201,Carson Kelly,31,CHC,NL,1.5,59,209,185,30,52,9,0,4,29,0,0,21,34,0.281,0.364,0.395,0.758,118,0.351,127,73,4,3,0,0,0,2/H3D1,,kellyca02
202,Luis Rengifo,29,MIL,NL,-0.4,57,209,185,19,38,9,0,0,19,3,2,19,24,0.205,0.28,0.254,0.534,50,0.247,44,47,2,1,2,2,1,5H/34D,,rengilu01
203,Corey Seager,32,TEX,AL,0.8,48,209,180,26,33,6,0,9,24,1,0,25,54,0.183,0.287,0.367,0.654,91,0.29,88,66,6,2,0,2,2,6,,seageco01
204,Konnor Griffin,20,PIT,NL,1.5,51,208,189,30,51,9,2,4,22,14,1,14,56,0.27,0.327,0.402,0.729,100,0.336,97,76,2,3,0,2,0,6/DH,,griffko01
205,Carlos Cortes,29,ATH,AL,0.2,62,206,181,17,50,9,1,6,22,1,0,21,23,0.276,0.359,0.436,0.796,116,0.353,115,79,8,3,0,1,0,9DH/71,,corteca01
206,Ramón Laureano,31,SDP,NL,0,53,206,182,23,37,6,2,7,21,7,2,20,65,0.203,0.286,0.374,0.66,84,0.293,78,68,1,2,0,2,0,7/9HD,,laurera01
207,Lane Thomas,30,KCR,AL,0,67,206,173,19,38,7,0,5,22,3,3,29,43,0.22,0.335,0.347,0.682,94,0.307,95,60,3,2,0,2,0,*89H7/D,,thomala02
208,Christian Yelich,34,MIL,NL,0.5,46,206,183,36,47,9,1,5,24,5,0,20,57,0.257,0.335,0.399,0.734,103,0.326,97,73,1,2,0,1,2,D/7H,,yelicch01
209,Miguel Andujar,31,SDP,NL,-0.4,58,205,195,18,48,12,2,5,17,2,2,8,34,0.246,0.283,0.405,0.688,90,0.295,83,79,8,2,0,0,2,D/H53,,andujmi01
210,Dominic Canzone,28,SEA,AL,1.5,71,205,182,28,50,12,1,12,33,1,1,18,41,0.275,0.346,0.549,0.896,152,0.383,149,100,1,3,0,2,0,DH9,,canzodo01
211,Jackson Chourio,22,MIL,NL,1.7,44,205,189,31,56,13,0,10,30,5,0,14,50,0.296,0.346,0.524,0.87,137,0.383,138,99,1,1,0,1,1,78/9H,,chourja01
212,Eugenio Suarez,34,CIN,NL,-0.6,52,205,187,16,39,9,0,7,26,0,0,16,68,0.209,0.273,0.369,0.642,75,0.291,74,69,2,1,0,1,0,D5/H,,suareeu01
213,Teoscar Hernández,33,LAD,NL,0.8,51,204,181,30,50,8,0,7,31,2,0,19,55,0.276,0.348,0.436,0.785,119,0.347,117,79,6,2,0,2,1,7/D,,hernate01
214,Brent Rooker,31,ATH,AL,-0.4,48,203,180,20,36,4,0,10,29,2,0,19,65,0.2,0.281,0.389,0.67,80,0.299,76,70,3,2,0,2,1,D/97H,,rookebr01
215,Tyler Freeman,27,COL,NL,-0.5,52,202,175,25,49,5,1,3,22,5,3,9,25,0.28,0.36,0.371,0.732,96,0.334,99,65,10,13,5,0,0,9/4DH8,,freemty01
216,Jeremiah Jackson,26,BAL,AL,0.7,65,202,195,22,49,8,0,7,32,2,1,4,40,0.251,0.267,0.4,0.667,85,0.3,87,78,10,1,0,2,0,*4/HD79,,jacksje02
217,Ryan McMahon,31,NYY,AL,0,69,202,186,19,39,4,0,8,23,3,1,15,62,0.21,0.269,0.36,0.629,74,0.285,73,67,5,0,1,0,0,*5/H6,,mcmahry01
218,Colton Cowser,26,BAL,AL,0.9,71,201,175,26,40,3,0,8,27,2,2,22,58,0.229,0.315,0.383,0.698,96,0.306,92,67,1,1,1,2,0,*89H7/D,,cowseco01
219,Brice Matthews,24,HOU,AL,0.2,70,201,185,19,37,5,1,6,18,2,4,13,66,0.2,0.251,0.335,0.586,62,0.254,57,62,3,0,2,1,0,*784H/5,,matthbr01
220,Will Smith,31,LAD,NL,1.1,52,201,173,23,43,5,0,6,23,0,0,23,34,0.249,0.338,0.382,0.72,102,0.319,99,66,5,2,0,3,0,2/HD,,smithwi05
221,Mookie Betts,33,LAD,NL,1.5,46,200,183,28,42,7,0,9,21,1,2,15,27,0.23,0.29,0.415,0.705,95,0.312,96,76,6,1,0,1,0,6,,bettsmo01
222,Nathan Church,25,STL,NL,1.3,60,199,184,25,49,9,1,5,20,5,2,11,43,0.266,0.312,0.408,0.719,103,0.317,100,75,3,2,0,2,0,*78/H9,,churcna01
223,Nathaniel Lowe,30,CIN,NL,0.6,62,197,172,19,44,11,0,9,25,0,0,25,48,0.256,0.35,0.477,0.827,125,0.369,129,82,1,0,0,0,1,D3H,,lowena01
224,Michael Massey,28,KCR,AL,1.1,63,196,184,24,49,14,0,7,27,2,0,7,32,0.266,0.289,0.457,0.745,107,0.326,104,84,3,0,2,3,0,*4/H759,,massemi02
225,Blaze Alexander,27,BAL,AL,1.2,68,194,174,22,53,12,1,3,23,8,3,12,42,0.305,0.358,0.437,0.795,123,0.356,125,76,5,3,2,1,1,546/87H9,,alexabl01
226,Nick Fortes,29,TBR,AL,-0.3,61,194,179,19,45,10,0,1,15,0,0,5,23,0.251,0.297,0.324,0.621,72,0.276,65,58,6,7,2,1,0,*2H/D,,forteni01
227,Royce Lewis,27,MIN,AL,0.3,48,192,170,19,35,6,0,7,21,5,0,18,53,0.206,0.286,0.365,0.651,79,0.306,82,62,2,2,0,2,0,53/4,,lewisro02
228,Logan O'Hoppe,26,LAA,AL,0.4,56,190,171,19,41,8,0,4,21,0,0,14,46,0.24,0.307,0.357,0.664,87,0.296,85,61,3,3,1,1,0,*2/H,,ohopplo01
229,Javier Sanoja,23,MIA,NL,0.4,64,190,177,14,44,13,0,2,25,3,1,11,20,0.249,0.291,0.356,0.647,83,0.308,93,63,2,0,1,1,0,57/46H198,,sanojja01
230,Dominic Smith,31,ATL,NL,0.5,65,190,172,26,48,5,1,6,31,0,0,11,25,0.279,0.317,0.424,0.742,108,0.337,113,73,4,1,1,5,0,DH/37,,smithdo02
231,Gleyber Torres,29,DET,AL,1.8,43,190,157,26,44,6,0,4,18,0,0,29,33,0.28,0.395,0.395,0.79,120,0.361,125,62,2,2,0,2,1,4/D,,torregl01
232,Ben Williamson,25,TBR,AL,0.6,58,189,170,23,40,8,1,1,19,5,1,17,37,0.235,0.309,0.312,0.62,73,0.285,69,53,6,1,1,0,0,46H/51D,,willibe03
233,Alex Freeland,24,LAD,NL,1.1,58,188,162,20,39,7,0,3,17,1,0,20,52,0.241,0.324,0.34,0.664,87,0.301,85,55,4,1,3,2,0,*4/H6,,freelal01
234,Jake Mangum,30,PIT,NL,0.4,61,188,172,22,50,7,0,1,14,14,4,10,33,0.291,0.335,0.349,0.684,89,0.323,93,60,4,2,3,1,1,*789H,,manguja01
235,Joey Ortiz,27,MIL,NL,0,66,188,162,18,32,5,0,1,15,5,3,20,34,0.198,0.281,0.247,0.528,48,0.242,41,40,4,0,3,3,0,*6/H5D,,ortizjo06
236,Richie Palacios,29,TBR,AL,0.3,57,188,162,23,39,6,2,1,21,7,5,22,37,0.241,0.34,0.321,0.661,85,0.303,88,52,4,3,0,1,0,*4H/579D,,palacri01
237,Jeremy Pena,28,HOU,AL,2,45,188,169,31,49,9,0,6,19,8,1,15,30,0.29,0.356,0.45,0.806,124,0.375,132,76,1,3,0,1,0,6/H,,penaje02
238,Zach McKinstry,31,DET,AL,-0.5,56,186,162,11,29,4,2,2,12,1,3,20,35,0.179,0.266,0.265,0.532,48,0.265,62,43,2,0,2,2,1,469/H58,,mckinza01
239,Victor Scott II,25,STL,NL,-0.6,61,184,155,19,30,4,0,2,9,9,4,16,44,0.194,0.276,0.258,0.534,53,0.247,47,40,3,2,10,1,0,*8/DH,,scottvi01
240,Francisco Alvarez,24,NYM,NL,0.3,51,183,163,17,42,5,0,8,18,0,0,15,44,0.258,0.326,0.436,0.762,111,0.338,112,71,11,2,0,1,0,2/DH,,alvarfr01
241,Kyle Isbel,29,KCR,AL,0.3,56,183,164,16,40,7,1,3,11,5,0,10,41,0.244,0.298,0.354,0.651,84,0.301,83,58,4,3,5,1,0,*8/H,,isbelky01
242,Kerry Carpenter,28,DET,AL,0.1,58,182,160,18,35,4,2,10,29,0,0,15,56,0.219,0.297,0.456,0.753,105,0.324,99,73,1,4,0,3,0,9DH/7,,carpeke01
243,Drew Gilbert,25,SFG,NL,0.2,61,182,159,18,37,8,2,3,15,0,3,17,33,0.233,0.322,0.365,0.687,97,0.304,100,58,4,4,2,0,2,*87H/9,,gilbedr01
244,Austin Wells,26,NYY,AL,-0.3,52,182,158,16,26,2,0,4,8,0,0,23,50,0.165,0.269,0.253,0.522,47,0.241,42,40,5,0,0,1,2,2/H,,wellsau01
245,TJ Friedl,30,CIN,NL,-0.6,47,178,156,15,28,6,0,2,8,5,0,13,42,0.179,0.259,0.256,0.515,42,0.243,33,40,1,4,4,1,0,87/H,,friedtj01
246,José Fernández,22,ARI,NL,-0.2,55,177,165,23,42,7,0,3,15,7,2,7,40,0.255,0.289,0.352,0.641,77,0.301,81,58,2,1,4,0,0,D35H/6,,fernajo06
247,Brady House,23,WSN,NL,0.1,44,177,163,22,37,7,0,7,25,1,0,13,50,0.227,0.282,0.399,0.681,89,0.313,95,65,4,0,0,1,0,5/DH,,housebr01
248,Ty France,31,SDP,NL,1.3,57,176,163,19,41,7,2,9,26,1,1,9,45,0.252,0.297,0.485,0.782,115,0.33,108,79,5,2,0,1,1,*3/H5D,,francty01
249,Vaughn Grissom,25,LAA,AL,0,46,176,153,17,36,10,0,4,30,0,0,15,20,0.235,0.314,0.379,0.693,95,0.311,95,58,7,4,0,3,0,345/HD,,grissva01
250,Heliot Ramos,26,SFG,NL,0.3,44,176,165,19,44,12,1,4,20,0,0,10,47,0.267,0.307,0.424,0.731,107,0.32,105,70,1,0,0,1,1,7/H,,ramoshe02
251,Keibert Ruiz,27,WSN,NL,0.9,52,176,167,22,46,15,0,6,29,2,1,5,24,0.275,0.301,0.473,0.774,114,0.331,108,79,5,2,0,2,0,2/H,,ruizke01
252,Trevor Story,33,BOS,AL,-0.1,41,176,165,16,34,7,0,3,19,4,0,8,57,0.206,0.244,0.303,0.547,55,0.268,62,50,6,1,0,2,0,6/D,,storytr01
253,Moisés Ballesteros,22,CHC,NL,0.3,59,175,156,16,36,6,0,6,23,1,0,17,36,0.231,0.303,0.385,0.687,96,0.305,93,60,1,0,0,2,0,DH/2,,ballemo01
254,Wenceel Pérez,26,DET,AL,-0.7,53,175,161,22,29,4,1,7,17,3,1,14,29,0.18,0.246,0.348,0.594,62,0.263,56,56,1,0,0,0,0,98/H7D,,perezwe01
255,Heriberto Hernández,26,MIA,NL,0.7,52,174,157,17,36,3,1,8,29,5,2,15,43,0.229,0.299,0.414,0.713,100,0.323,104,65,0,1,0,1,0,7H/9D,,hernahe01
256,Masataka Yoshida,32,BOS,AL,-0.2,53,173,152,16,36,7,1,1,10,2,0,17,21,0.237,0.324,0.316,0.639,83,0.296,83,48,1,3,0,1,0,DH/7,,yoshima02
257,Edgar Quero,23,CHW,AL,-0.9,55,172,150,12,28,1,0,2,15,1,0,12,41,0.187,0.253,0.233,0.486,38,0.228,33,35,5,3,2,5,0,2H/D,,queroed01
258,Christian Vázquez,35,HOU,AL,0.4,54,171,155,16,33,6,0,4,19,0,0,13,28,0.213,0.274,0.329,0.603,68,0.268,61,51,1,0,3,0,1,2/HD,,vazquch01
259,Mickey Moniak,28,COL,NL,0.9,46,170,156,22,44,9,2,12,28,1,0,10,43,0.282,0.335,0.596,0.931,141,0.394,139,93,3,3,0,1,0,789D/H,,moniami01
260,Wyatt Langford,24,TEX,AL,1.6,39,168,157,22,42,7,2,8,20,5,0,10,37,0.268,0.315,0.49,0.806,132,0.354,129,77,3,1,0,0,0,78/D,,langfwy01
261,Jorbit Vivas,25,WSN,NL,0,59,168,145,20,37,7,0,3,14,0,1,14,22,0.255,0.333,0.366,0.699,97,0.316,100,53,3,4,2,2,0,54H/D1,,vivasjo01
262,Brandon Valenzuela,25,TOR,AL,1.3,51,164,144,17,36,6,0,7,19,1,0,18,40,0.25,0.331,0.438,0.769,108,0.338,104,63,1,0,1,1,0,2/H,,valenbr01
263,Jared Triolo,28,PIT,NL,0.1,48,162,145,14,33,6,0,0,9,5,1,13,39,0.228,0.3,0.269,0.569,59,0.291,72,39,4,2,1,0,0,65/39HD,,triolja01
264,Patrick Bailey,27,2TM,2LG,0,54,162,149,13,27,3,1,2,12,2,0,12,41,0.181,0.241,0.255,0.496,41,0.233,39,38,5,0,0,1,0,2/H,,bailepa01
265,Patrick Bailey,27,SFG,NL,-0.3,30,89,82,5,12,0,0,1,5,2,0,7,22,0.146,0.213,0.183,0.396,15,0.192,9,15,3,0,0,0,0,2,,bailepa01
266,Patrick Bailey,27,CLE,AL,0.3,24,73,67,8,15,3,1,1,7,0,0,5,19,0.224,0.274,0.343,0.617,73,0.284,75,23,2,0,0,1,0,2/H,,bailepa01
267,AJ Ewing,21,NYM,NL,1.2,41,159,138,16,36,7,1,3,15,8,3,18,41,0.261,0.344,0.391,0.735,106,0.336,109,54,1,0,2,1,0,8/H,,ewingaj01
268,Nathan Lukes,31,TOR,AL,0.9,47,159,145,17,43,8,0,3,15,0,1,7,26,0.297,0.344,0.414,0.758,106,0.339,109,60,6,4,2,1,0,978/H,,lukesna01
269,Nick Loftin,27,KCR,AL,0.2,46,158,133,21,33,12,1,3,24,1,0,17,20,0.248,0.344,0.421,0.765,115,0.344,117,56,2,4,1,3,0,45/H367,,loftini01
270,Dalton Rushing,25,LAD,NL,1.1,47,157,139,21,34,7,0,8,22,0,0,14,43,0.245,0.331,0.468,0.799,121,0.354,123,65,2,4,0,0,0,2/H3D,,rushida01
271,José Tena,25,WSN,NL,-0.4,60,157,145,20,32,8,2,3,16,2,0,11,52,0.221,0.28,0.366,0.646,80,0.289,76,53,5,1,0,0,0,DH/4795,,tenajo01
272,Bryce Eldridge,21,SFG,NL,0.8,39,156,133,21,37,9,0,6,16,0,0,22,34,0.278,0.378,0.481,0.859,145,0.371,141,64,0,0,0,1,1,D3/H,,eldribr01
273,Henry Davis,26,PIT,NL,0.2,51,155,135,16,20,5,0,6,19,2,1,14,32,0.148,0.247,0.319,0.565,55,0.26,53,43,3,4,1,1,0,2/HD,,davishe01
274,Blake Dunn,27,CIN,NL,1,37,152,140,20,39,7,1,2,6,6,3,10,32,0.279,0.336,0.386,0.721,98,0.321,96,54,2,2,0,0,0,89/H7D,,dunnbl01
275,Adrian Del Castillo,26,ARI,NL,-0.5,47,150,137,11,26,4,0,4,20,0,0,12,44,0.19,0.253,0.307,0.56,55,0.264,57,42,5,0,0,1,0,D2/H31,,delcaad01
276,Tristan Gray,30,MIN,AL,-0.5,52,150,137,14,34,5,0,4,28,2,0,8,46,0.248,0.289,0.372,0.661,82,0.293,75,51,1,1,1,3,0,65/H43,,graytr01
277,Carlos Narváez,27,BOS,AL,-0.1,46,149,132,15,27,6,0,2,4,1,0,11,47,0.205,0.279,0.295,0.574,64,0.276,70,39,5,3,2,1,0,2/DH,,narvaca01
278,Gary Sánchez,33,MIL,NL,0.3,46,149,121,22,26,4,1,7,21,0,0,25,30,0.215,0.356,0.438,0.794,119,0.349,117,53,5,2,0,1,0,2DH/3,,sanchga02
279,Kyle Higashioka,36,TEX,AL,0.5,44,148,133,16,31,3,0,5,14,0,0,14,40,0.233,0.311,0.368,0.679,99,0.311,104,49,5,1,0,0,0,2/DH1,,higasky01
280,Ryan Jeffers,29,MIN,AL,1.8,37,148,122,26,36,7,1,7,26,1,0,23,23,0.295,0.408,0.541,0.949,161,0.425,169,66,2,1,0,1,0,2/DH,,jeffery01
281,Tyler O'Neill,31,BAL,AL,-0.6,48,148,131,15,24,5,0,2,8,1,0,15,41,0.183,0.277,0.267,0.544,55,0.262,58,35,2,2,0,0,0,9H/D,,oneilty01
282,Max Muncy (ATH),23,ATH,AL,-0.8,39,147,131,20,30,6,2,5,20,3,2,9,47,0.229,0.293,0.42,0.712,92,0.311,88,55,4,4,0,3,0,5/DH6,,muncyma02
283,Freddy Fermin,31,SDP,NL,0.2,52,146,124,14,18,5,0,3,11,0,1,15,30,0.145,0.245,0.258,0.503,42,0.241,44,32,2,2,3,2,0,2,,fermifr01
284,Luis Torrens,30,NYM,NL,0.7,49,146,134,15,29,9,0,1,15,0,0,6,32,0.216,0.271,0.306,0.577,62,0.258,54,41,1,4,2,0,0,2/H3D,,torrelu01
285,Luisangel Acuña,24,CHW,AL,-0.5,57,145,133,14,28,2,0,1,10,14,2,7,26,0.211,0.252,0.248,0.5,41,0.239,30,33,4,1,2,2,0,86H/14D,,acunajo01
286,Jonny DeLuca,27,TBR,AL,0.7,47,145,137,19,37,13,0,4,23,7,2,6,30,0.27,0.301,0.453,0.753,105,0.332,102,62,6,0,2,0,0,98H/D7,,delucjo01
287,MJ Melendez,27,NYM,NL,-0.3,56,144,120,14,23,5,1,4,11,0,1,17,50,0.192,0.315,0.35,0.665,87,0.297,85,42,0,5,1,1,0,D7H/9,,melenmj01
288,Alejandro Osuna,23,TEX,AL,0.4,47,144,123,14,32,4,0,0,12,4,2,13,21,0.26,0.364,0.293,0.656,96,0.314,106,36,2,7,1,0,0,78/9H,,osunaal02
289,Henry Bolte,22,ATH,AL,1.5,39,143,122,12,39,6,0,2,10,9,3,13,39,0.32,0.406,0.418,0.824,126,0.371,125,51,2,6,0,2,0,8/H,,boltehe01
290,Pedro Pagés,27,STL,NL,-0.2,44,143,129,12,28,6,0,4,11,2,0,6,35,0.217,0.259,0.357,0.616,73,0.272,65,46,5,2,4,2,0,2/3,,pagespe02
291,Myles Straw,31,TOR,AL,0,70,143,126,24,31,6,0,2,12,2,1,13,21,0.246,0.312,0.341,0.653,78,0.291,72,43,1,0,2,2,0,*H798/D1,,strawmy01
292,Danny Jansen,31,TEX,AL,0.5,41,142,123,11,21,6,1,3,12,1,1,13,40,0.171,0.277,0.309,0.586,72,0.266,74,38,5,5,1,0,0,2/HD,,janseda01
293,Carlos Correa,31,HOU,AL,1.3,32,141,122,22,34,8,0,3,16,1,0,18,26,0.279,0.369,0.418,0.787,120,0.355,122,51,5,0,0,1,1,65,,correca01
294,Matt Shaw,24,CHC,NL,0.6,53,140,126,18,31,6,2,4,20,4,1,9,26,0.246,0.309,0.421,0.73,107,0.325,106,53,2,3,1,1,0,9HD/45378,,shawma01
295,Edmundo Sosa,30,PHI,NL,0.1,46,139,129,17,30,5,1,5,24,2,0,3,31,0.233,0.268,0.403,0.671,80,0.311,84,52,2,4,0,2,0,4756/HD,,sosaed01
296,Ryan Vilade,27,TBR,AL,0.7,47,139,123,12,34,6,1,5,27,3,0,12,28,0.276,0.333,0.463,0.797,118,0.361,122,57,2,0,1,3,0,9H37/4D,,viladry01
297,Josh Lowe,28,LAA,AL,-1.1,46,138,129,8,24,2,0,5,14,1,0,6,41,0.186,0.226,0.318,0.544,52,0.241,44,41,0,1,1,1,0,7/H89,,lowejo01
298,Yohendrick Piñango,24,TOR,AL,-0.1,43,136,127,10,36,7,0,4,18,0,0,9,30,0.283,0.331,0.433,0.764,106,0.335,103,55,4,0,0,0,0,79/HD,,pinanyo01
299,Matt Wallner,28,MIN,AL,-1.3,34,135,120,14,20,3,0,4,10,0,1,10,53,0.167,0.259,0.292,0.551,53,0.25,50,35,2,5,0,0,0,9/H,,wallnma01
300,Darell Hernaiz,24,ATH,AL,-0.2,47,134,118,12,28,3,0,1,7,3,0,13,23,0.237,0.318,0.288,0.606,67,0.283,62,34,1,1,2,0,0,654/H9,,hernada04
301,Jake Meyers,30,HOU,AL,0,46,134,123,13,25,5,0,3,11,1,2,9,28,0.203,0.261,0.317,0.578,61,0.266,64,39,3,1,0,1,0,8/H,,meyerja02
302,Miguel Amaya,27,CHC,NL,0.9,45,133,108,18,24,5,0,3,10,0,0,16,27,0.222,0.359,0.352,0.711,105,0.348,126,38,5,7,1,0,0,2D/H3,,amayami01
303,Andruw Monasterio,29,BOS,AL,-0.3,47,133,125,14,28,10,0,3,12,1,3,8,33,0.224,0.271,0.376,0.647,82,0.281,82,47,2,0,0,0,0,4H6D/35,,monasan01
304,Lourdes Gurriel Jr.,32,ARI,NL,-0.3,32,132,121,8,27,6,0,1,16,1,0,8,24,0.223,0.273,0.298,0.57,59,0.257,51,36,0,1,0,2,0,7/D,,gurrilo01
305,Isiah Kiner-Falefa,31,BOS,AL,1.3,47,132,119,19,33,4,0,2,13,7,2,12,18,0.277,0.344,0.361,0.705,101,0.327,104,43,3,0,1,0,0,46/5HD3,,kineris01
306,Amed Rosario,30,NYY,AL,0,43,132,121,16,30,4,1,7,22,1,0,8,29,0.248,0.288,0.471,0.759,108,0.332,105,57,1,0,0,3,0,5/H497D,,rosaram01
307,Hyeseong Kim,27,LAD,NL,0.5,43,131,116,16,30,3,1,1,11,5,1,12,31,0.259,0.323,0.328,0.651,84,0.297,79,38,2,0,0,2,0,64/7H,,kimhy02
308,Roman Anthony,22,BOS,AL,0.8,30,130,109,12,25,5,1,1,5,2,0,20,33,0.229,0.354,0.321,0.675,94,0.314,96,35,0,1,0,0,1,7D/9H,,anthoro01
309,Drew Millas,28,WSN,NL,-0.5,44,130,113,16,20,4,0,2,9,0,0,10,30,0.177,0.262,0.265,0.527,49,0.245,45,30,0,3,2,0,0,2/H,,milladr01
310,Yoán Moncada,31,LAA,AL,-0.3,41,130,111,9,21,1,1,3,10,1,0,17,45,0.189,0.308,0.297,0.605,73,0.283,74,33,2,2,0,0,0,5/HD,,moncayo01
311,Miguel Rojas,37,LAD,NL,0.6,52,130,114,12,31,6,0,2,13,0,1,9,14,0.272,0.328,0.377,0.705,98,0.314,98,43,5,2,2,3,0,H46/513D,,rojasmi02
312,Andrew Vaughn,28,MIL,NL,1.3,40,130,111,16,39,12,1,2,24,0,0,16,14,0.351,0.438,0.532,0.97,167,0.427,173,59,2,2,0,1,1,3H/D5,,vaughan01
313,Yainer Diaz,27,HOU,AL,-0.2,32,129,122,9,30,6,0,3,16,0,1,5,20,0.246,0.271,0.369,0.64,77,0.282,74,45,4,0,0,2,0,2/DH,,diazya02
314,Dane Myers,30,CIN,NL,0.2,60,129,110,17,28,5,0,3,13,5,0,16,32,0.255,0.357,0.382,0.738,103,0.346,107,42,4,2,0,1,0,8H/D,,myersda01
315,Agustín Ramírez,24,MIA,NL,-0.2,31,129,113,14,26,5,1,2,14,3,1,13,28,0.23,0.318,0.345,0.663,89,0.296,84,39,5,2,0,1,1,2D/H,,ramirag01
316,Dylan Crews,24,WSN,NL,0.5,32,128,122,19,28,4,0,5,17,3,0,2,26,0.23,0.266,0.385,0.651,81,0.287,73,47,2,4,0,0,0,98/7HD,,crewsdy01
317,David Fry,30,CLE,AL,0,51,128,109,14,23,4,0,4,9,0,0,19,39,0.211,0.328,0.358,0.686,94,0.311,94,39,3,0,0,0,1,H9D7/253,,fryda01
318,Ke'Bryan Hayes,29,CIN,NL,-0.2,44,128,120,10,17,2,1,2,5,1,0,8,20,0.142,0.195,0.225,0.42,15,0.207,13,27,5,0,0,0,0,5/H,,hayeske01
319,Joe Mack,23,MIA,NL,0.8,38,128,116,18,30,5,0,4,18,0,0,9,33,0.259,0.317,0.405,0.723,104,0.317,101,47,2,1,2,0,0,2/H,,mackjo02
320,Alex Call,31,LAD,NL,0.8,49,124,103,19,27,5,0,1,16,1,1,16,18,0.262,0.371,0.34,0.711,102,0.338,114,35,2,3,0,2,0,7H/98D,,callal02
321,Michael Conforto,33,CHC,NL,0.2,50,124,107,14,24,10,0,4,15,1,0,16,38,0.224,0.323,0.43,0.752,114,0.332,112,46,3,0,0,1,0,DH97,,confomi01
322,Jonah Heim,31,2TM,2LG,0.6,37,124,111,15,27,8,0,6,18,0,0,11,21,0.243,0.306,0.477,0.784,113,0.352,118,53,3,0,0,2,0,2/HD35,,heimjo01
323,Jonah Heim,31,ATL,NL,-0.2,12,45,39,4,9,4,0,1,8,0,0,5,5,0.231,0.311,0.41,0.721,102,0.315,98,16,1,0,0,1,0,2,,heimjo01
324,Jonah Heim,31,ATH,AL,0.8,25,79,72,11,18,4,0,5,10,0,0,6,16,0.25,0.304,0.514,0.818,118,0.373,130,37,2,0,0,1,0,2/HD35,,heimjo01
325,Jose Fermin (STL),27,STL,NL,0,45,123,112,13,31,5,0,3,15,3,0,9,18,0.277,0.328,0.402,0.73,106,0.334,109,45,4,0,0,1,0,7H8/54693,,fermijo01
326,Nick Castellanos,34,SDP,NL,-1,39,122,115,9,22,5,0,4,20,2,0,5,34,0.191,0.221,0.339,0.56,54,0.258,52,39,1,0,0,2,1,9/DH73,,casteni01
327,Brenton Doyle,28,COL,NL,-0.4,43,122,111,21,23,4,0,1,4,9,2,11,40,0.207,0.279,0.27,0.549,47,0.269,45,30,0,0,0,0,0,8/H,,doylebr02
328,Ryan Waldschmidt,23,ARI,NL,0.3,33,122,112,11,29,9,1,0,8,5,1,8,40,0.259,0.314,0.357,0.671,87,0.313,88,40,0,1,0,0,0,87/DH,,waldsry01
329,Hao-Yu Lee,23,DET,AL,-0.2,43,121,115,8,29,5,1,2,10,1,1,5,34,0.252,0.283,0.365,0.649,78,0.283,72,42,1,0,1,0,0,45/HD,,leeha02
330,Anthony Volpe,25,NYY,AL,0.9,32,121,104,16,27,5,1,1,13,7,3,17,27,0.26,0.364,0.356,0.719,102,0.337,110,37,0,0,0,0,0,6/H,,volpean01
331,Austin Hedges,33,CLE,AL,0.6,38,120,105,12,28,7,0,1,9,1,1,10,20,0.267,0.333,0.362,0.695,96,0.326,106,38,3,1,3,1,0,2/1H,,hedgeau01
332,Leo Rivas,28,SEA,AL,-0.1,38,120,99,9,13,2,1,0,7,2,0,15,36,0.131,0.263,0.172,0.434,28,0.224,33,17,1,3,2,1,0,56/DH,,rivasle01
333,Jorge Barrosa,25,ARI,NL,0,56,119,105,15,19,10,1,2,9,0,0,9,35,0.181,0.252,0.352,0.605,66,0.272,62,37,1,1,4,0,0,*897/H,,barrojo01
334,Dylan Beavers,24,BAL,AL,-0.2,33,119,103,16,25,7,0,2,12,3,1,14,28,0.243,0.331,0.369,0.699,97,0.313,94,38,1,0,1,1,0,9/D87H,,beavedy01
335,Randal Grichuk,34,2TM,AL,0.4,52,118,111,21,30,8,0,9,22,0,0,5,28,0.27,0.305,0.586,0.891,142,0.377,139,65,2,1,0,1,0,HD7/9,,grichra01
336,Randal Grichuk,34,NYY,AL,-0.3,16,33,31,8,6,4,0,0,2,0,0,1,10,0.194,0.212,0.323,0.535,47,0.229,34,10,0,0,0,1,0,7/DH9,,grichra01
337,Randal Grichuk,34,CHW,AL,0.8,36,85,80,13,24,4,0,9,20,0,0,4,18,0.3,0.341,0.688,1.029,180,0.434,179,55,2,1,0,0,0,HD/97,,grichra01
338,Davis Schneider,27,TOR,AL,-0.4,48,117,97,16,15,5,0,3,12,1,0,18,38,0.155,0.284,0.299,0.583,60,0.272,57,29,1,0,1,1,0,7H4/D,,schneda03
339,Josh Smith,28,TEX,AL,-0.3,34,117,101,6,22,3,0,0,6,2,1,14,22,0.218,0.316,0.248,0.564,69,0.27,75,25,1,1,0,1,1,4/HD5,,smithjo11
340,Lenyn Sosa,26,2TM,AL,-0.9,40,117,113,11,22,7,0,1,9,0,0,1,25,0.195,0.207,0.283,0.49,33,0.223,26,32,2,1,1,1,0,43/DH,,sosale01
341,Lenyn Sosa,26,CHW,AL,-0.3,12,33,33,2,7,3,0,0,3,0,0,0,7,0.212,0.212,0.303,0.515,43,0.225,32,10,0,0,0,0,0,/DH34,,sosale01
342,Lenyn Sosa,26,TOR,AL,-0.6,28,84,80,9,15,4,0,1,6,0,0,1,18,0.188,0.205,0.275,0.48,29,0.222,23,22,2,1,1,1,0,43/HD,,sosale01
343,Mitch Garver,35,SEA,AL,0.4,38,116,97,15,18,2,0,3,11,0,0,18,36,0.186,0.319,0.299,0.618,79,0.312,99,29,0,1,0,0,0,2/DH,,garvemi01
344,Rob Refsnyder,35,SEA,AL,-1,48,116,102,8,14,0,0,3,9,0,0,7,31,0.137,0.209,0.225,0.434,25,0.2,20,23,2,3,1,3,0,DH9/7,,refsnro01
345,Michael Gasper,30,BOS,AL,0.2,33,115,103,11,26,5,1,0,6,0,1,9,21,0.252,0.316,0.32,0.636,82,0.292,86,33,2,1,1,1,0,2D/H3,,gaspemi01
346,Daniel Susac,25,SFG,NL,0.3,37,115,103,5,27,5,1,0,14,1,1,6,27,0.262,0.31,0.33,0.64,84,0.283,80,34,3,2,2,2,0,2/H5,,susacda01
347,Will Benson,28,CIN,NL,-0.3,51,114,96,11,18,3,1,3,6,1,1,16,38,0.188,0.31,0.333,0.643,77,0.288,73,32,0,1,0,0,1,9H/78D,,bensowi01
348,Jake Cronenworth,32,SDP,NL,-0.3,32,114,97,13,14,2,0,1,4,1,0,14,23,0.144,0.272,0.196,0.468,35,0.24,40,19,1,3,0,0,0,4/56H,,croneja01
349,Derek Hill,30,2TM,2LG,0.4,61,114,104,15,26,2,0,6,13,7,4,7,39,0.25,0.304,0.442,0.746,105,0.322,101,46,1,1,2,0,0,*9H87/D,,hillde01
350,Derek Hill,30,CHW,AL,-0.1,50,90,80,11,17,1,0,4,8,7,4,7,29,0.213,0.284,0.375,0.659,83,0.288,79,30,1,1,2,0,0,9H78/D,,hillde01
351,Derek Hill,30,PHI,NL,0.5,11,24,24,4,9,1,0,2,5,0,0,0,10,0.375,0.375,0.667,1.042,176,0.447,184,16,0,0,0,0,0,/98H7,,hillde01
352,Jorge Mateo,31,ATL,NL,0.7,51,113,107,25,28,5,0,4,11,7,1,6,33,0.262,0.301,0.421,0.721,102,0.323,96,45,2,0,0,0,0,6H/D14,,mateojo01
353,Brett Sullivan,32,COL,NL,-0.4,40,113,104,8,22,6,0,4,13,0,0,5,22,0.212,0.25,0.385,0.635,66,0.274,55,40,3,1,1,2,0,2/H1D3,,sullibr01
354,Colt Emerson,20,SEA,AL,0.6,32,112,102,13,21,5,1,6,16,1,0,8,36,0.206,0.277,0.451,0.728,105,0.315,100,46,1,2,0,0,0,65/DH,,emersco01
355,Harrison Bader,32,SFG,NL,0.2,30,111,106,10,18,5,0,5,14,0,0,4,34,0.17,0.198,0.358,0.557,55,0.245,51,38,3,0,0,1,0,8/H,,baderha01
356,Francisco Lindor,32,NYM,NL,0.2,25,110,98,14,21,2,2,2,5,2,1,11,19,0.214,0.3,0.337,0.637,79,0.293,80,33,2,1,0,0,0,6,,lindofr01
357,Eli White,32,ATL,NL,0.7,49,110,102,12,22,4,1,3,14,3,0,6,23,0.216,0.264,0.363,0.626,75,0.294,78,37,1,1,0,1,0,97H8/D,,whiteel04
358,Hunter Feduccia,29,TBR,AL,0,43,108,93,11,21,3,0,1,8,0,0,11,33,0.226,0.311,0.29,0.602,68,0.276,65,27,1,1,2,1,0,2/HD,,feduchu01
359,Drew Romo,24,CHW,AL,-0.1,30,106,93,9,13,4,0,5,11,1,0,10,27,0.14,0.229,0.344,0.573,58,0.264,58,32,4,1,1,1,0,2/3,,romodr01
360,Jared Young,30,NYM,NL,0.8,36,106,95,13,23,4,0,6,13,0,0,9,23,0.242,0.311,0.474,0.785,116,0.346,118,45,2,1,0,1,0,3/DH79,,youngja02
361,Joey Loperfido,27,HOU,AL,0.2,34,105,89,13,21,7,1,1,11,1,1,13,24,0.236,0.337,0.371,0.707,98,0.311,94,33,2,1,0,1,1,7/H89,,loperjo01
362,Tyrone Taylor,32,NYM,NL,-0.5,43,104,97,8,18,4,0,3,14,0,1,3,19,0.186,0.21,0.32,0.53,46,0.225,33,31,0,0,4,0,0,H897/D,,tayloty01
363,Connor Wong,30,BOS,AL,0.9,33,103,89,12,24,8,0,1,12,2,1,9,22,0.27,0.356,0.393,0.75,113,0.337,115,35,1,3,2,0,0,2/HD,,wongco01
364,Brendan Donovan,29,SEA,AL,0.6,25,101,84,9,23,4,1,3,8,1,1,11,15,0.274,0.386,0.452,0.839,140,0.37,142,38,0,5,0,1,0,5/DH,,donovbr01
365,Wade Meckler,26,LAA,AL,0.7,30,101,90,13,26,6,0,2,15,2,0,11,22,0.289,0.366,0.422,0.789,123,0.362,128,38,0,0,0,0,0,7/H9D,,mecklwa01
366,Jahmai Jones,28,DET,AL,-1.1,53,100,91,7,13,2,0,2,7,0,2,9,32,0.143,0.22,0.231,0.451,25,0.209,25,21,3,0,0,0,0,DH/79,,jonesja08
367,Ryan Kreidler,28,MIN,AL,0.6,39,100,89,16,25,3,2,4,20,0,3,10,17,0.281,0.36,0.494,0.854,134,0.356,132,44,3,1,0,0,0,68H/57,,kreidry01
368,Alek Thomas,26,ARI,NL,-0.1,28,100,94,12,17,9,0,2,10,4,0,3,23,0.181,0.222,0.34,0.563,54,0.254,43,32,3,2,1,0,0,8,,thomaal01
369,Jackson Holliday,22,BAL,AL,-0.2,30,99,86,14,17,2,1,4,12,3,0,11,30,0.198,0.283,0.384,0.667,86,0.3,81,33,1,0,0,2,0,4/H56D,,hollija01
370,Starling Marte,37,KCR,AL,0.1,36,99,88,9,23,4,0,1,7,0,1,7,26,0.261,0.323,0.341,0.664,89,0.292,85,30,2,2,0,2,0,9DH/7,,martest01
371,Luis Robert Jr.,28,NYM,NL,0.1,24,98,85,10,19,3,0,2,8,2,2,13,17,0.224,0.327,0.329,0.656,85,0.304,92,28,2,0,0,0,0,8/H,,roberlu01
372,Brandon Lockridge,29,MIL,NL,0.4,28,96,85,9,25,4,0,0,12,5,0,10,25,0.294,0.368,0.341,0.71,99,0.341,103,29,0,0,1,0,0,7/8H3,,lockrbr01
373,Blake Perkins,29,MIL,NL,0.3,48,96,85,12,13,5,0,1,11,3,1,9,22,0.153,0.242,0.247,0.489,36,0.256,49,21,1,1,1,0,0,8H9/7D,,perkibl01
374,Giancarlo Stanton,36,NYY,AL,0.2,24,96,90,8,23,6,0,3,14,1,0,6,29,0.256,0.302,0.422,0.724,100,0.329,103,38,2,0,0,0,0,D/H,,stantmi03
375,Endy Rodríguez,26,PIT,NL,0.6,28,94,76,12,20,5,0,3,11,2,0,17,23,0.263,0.398,0.447,0.845,133,0.383,137,34,3,0,0,0,0,2/H3,,rodrien01
376,Tyler Heineman,35,2TM,AL,-0.2,34,94,84,7,14,2,0,1,6,0,0,3,20,0.167,0.222,0.226,0.448,23,0.207,10,19,2,3,4,0,0,2/1HD,,heinety01
377,Tyler Heineman,35,TOR,AL,-0.3,31,87,78,6,12,1,0,1,6,0,0,2,19,0.154,0.205,0.205,0.41,12,0.19,-3,16,2,3,4,0,0,2/1HD,,heinety01
378,Tyler Heineman,35,LAA,AL,0.1,3,7,6,1,2,1,0,0,0,0,0,1,1,0.333,0.429,0.5,0.929,162,0.41,164,3,0,0,0,0,0,/2,,heinety01
379,Adam Frazier,34,LAA,AL,0.1,40,93,81,15,17,5,1,1,6,0,0,9,28,0.21,0.297,0.333,0.63,78,0.285,76,27,1,1,2,0,0,4H/71D,,fraziad01
380,Tommy Troy,24,ARI,NL,0.5,27,93,83,17,20,3,1,3,7,0,0,10,19,0.241,0.323,0.41,0.732,102,0.341,112,34,0,0,0,0,0,7/8DH,,troyto01
381,J.C. Escarra,31,NYY,AL,0,32,92,85,8,16,5,1,0,7,0,0,6,18,0.188,0.239,0.271,0.51,42,0.249,48,23,1,0,0,1,0,2/H,,escarjc01
382,Leo Jiménez,25,MIA,NL,-0.9,31,92,79,7,14,2,0,0,1,1,0,7,21,0.177,0.283,0.203,0.485,41,0.238,43,16,4,5,0,1,0,5/4DH6,,jimenle01
383,Graham Pauley,25,MIA,NL,-0.6,33,91,85,8,14,6,0,1,9,1,1,5,22,0.165,0.211,0.271,0.482,36,0.211,26,23,3,0,1,0,0,5/3H,,paulegr01
384,James Outman,29,2TM,AL,-0.2,59,91,83,11,13,4,1,1,5,5,2,7,41,0.157,0.231,0.265,0.496,37,0.227,30,22,0,1,0,0,0,87H/9D,,outmaja01
385,James Outman,29,MIN,AL,-0.3,49,70,64,9,10,4,1,0,3,4,2,5,29,0.156,0.229,0.25,0.479,33,0.22,26,16,0,1,0,0,0,87H/9D,,outmaja01
386,James Outman,29,DET,AL,0.1,10,21,19,2,3,0,0,1,2,1,0,2,12,0.158,0.238,0.316,0.554,52,0.253,41,6,0,0,0,0,0,/8H,,outmaja01
387,Jake Fraley,31,TBR,AL,0,28,90,82,6,19,7,0,2,5,3,0,8,25,0.232,0.3,0.39,0.69,90,0.314,86,32,1,0,0,0,0,9/HD,,fraleja01
388,Bo Naylor,26,CLE,AL,-0.5,28,90,84,4,12,2,0,2,7,0,0,6,21,0.143,0.2,0.238,0.438,23,0.2,16,20,2,0,0,0,0,2/H,,naylobo01
389,Taylor Trammell,28,HOU,AL,0.4,32,90,82,11,23,5,1,2,9,1,0,6,32,0.28,0.337,0.439,0.776,115,0.339,110,36,0,1,1,0,0,87/HD9,,trammta01
390,Jordan Beck,25,COL,NL,-0.4,30,88,82,7,15,5,1,1,10,2,1,5,22,0.183,0.227,0.305,0.532,40,0.24,31,25,3,0,0,1,0,79/H,,beckjo01
391,Esteury Ruiz,27,MIA,NL,0.7,46,88,74,19,19,7,1,4,9,14,3,8,25,0.257,0.356,0.541,0.897,151,0.404,149,40,0,4,0,1,0,97H/8D,,ruizes01
392,Justin Foscue,27,TEX,AL,0.1,35,87,78,10,20,4,0,4,10,0,0,6,21,0.256,0.322,0.462,0.783,127,0.339,124,36,2,2,0,1,0,4H/D3,,foscuju01
393,Noelvi Marté,24,CIN,NL,-0.6,27,87,80,9,16,4,0,3,4,4,1,7,23,0.2,0.264,0.363,0.627,70,0.29,70,29,2,0,0,0,0,9/H8,,marteno01
394,Nick Yorke,24,PIT,NL,-0.5,27,86,76,6,15,3,0,1,6,0,0,7,17,0.197,0.279,0.276,0.555,54,0.257,50,21,3,2,0,1,0,5/H937D,,yorkeni01
395,Andrew McCutchen,39,TEX,AL,-0.4,37,83,73,8,14,2,0,1,5,0,0,9,22,0.192,0.277,0.26,0.537,59,0.258,67,19,0,0,0,1,0,DH/79,,mccutan01
396,Donovan Walton,32,LAA,AL,0.7,26,83,79,13,26,7,0,3,11,0,0,3,14,0.329,0.354,0.532,0.885,147,0.382,146,42,1,0,1,0,0,5/DH4,,waltodo01
397,Joey Wiemer,27,WSN,NL,0.6,32,83,70,16,20,5,1,3,12,1,0,12,29,0.286,0.398,0.514,0.912,155,0.392,150,36,2,1,0,0,0,98H/D1,,wiemejo01
398,Javier Báez,33,DET,AL,-0.4,24,82,78,10,20,5,0,2,6,1,1,2,16,0.256,0.28,0.397,0.678,85,0.293,80,31,2,1,0,1,0,68/4,,baezja01
399,Thomas Saggese,24,STL,NL,-0.7,32,82,76,9,14,2,1,1,4,1,2,6,26,0.184,0.244,0.276,0.52,48,0.224,41,21,2,0,0,0,0,7/6H54D,,saggeth01
400,Nicky Lopez,31,2TM,2LG,0.1,28,80,74,8,23,1,0,1,6,2,1,3,11,0.311,0.346,0.365,0.711,109,0.313,106,27,2,1,2,0,0,4/6H579,,lopezni01
401,Nicky Lopez,31,CHC,NL,-0.1,4,5,5,1,0,0,0,0,0,0,0,0,2,0,0,0,0,-100,0,-125,0,0,0,0,0,0,/5H4,,lopezni01
402,Nicky Lopez,31,TEX,AL,0.2,24,75,69,7,23,1,0,1,6,2,1,3,9,0.333,0.37,0.391,0.761,124,0.334,121,27,2,1,2,0,0,4/6H79,,lopezni01
403,Braden Shewmake,28,HOU,AL,0.4,28,79,74,8,18,3,0,3,8,0,0,2,13,0.243,0.26,0.405,0.665,82,0.287,74,30,1,0,2,1,0,56/4H,,shewmbr01
404,Jose Siri,30,LAA,AL,0.9,32,79,69,17,20,3,0,4,16,1,1,6,19,0.29,0.351,0.507,0.858,139,0.363,135,35,2,1,2,1,0,78/H9,,sirijo01
405,Jasson Dominguez,23,NYY,AL,0.4,20,78,74,7,17,6,0,3,8,4,0,2,17,0.23,0.26,0.432,0.692,89,0.324,92,32,0,1,0,0,0,9/D7,,dominja01
406,Rafael Marchán,27,PHI,NL,-0.4,26,78,75,4,8,0,0,2,6,0,0,1,14,0.107,0.141,0.187,0.328,-12,0.171,-14,14,2,2,0,0,0,2/H,,marchra01
407,Jake Rogers,31,DET,AL,-0.1,24,78,67,6,10,2,1,1,6,1,0,7,25,0.149,0.234,0.254,0.487,35,0.226,27,17,0,1,1,2,0,2/1H,,rogerja03
408,Everson Pereira,25,CHW,AL,-0.1,21,77,69,7,16,4,0,3,7,1,0,5,23,0.232,0.299,0.42,0.719,99,0.317,95,29,2,2,0,1,0,9/D8H7,,pereiev01
409,Sterlin Thompson,25,COL,NL,-0.3,27,77,69,7,16,4,0,2,10,0,0,5,21,0.232,0.312,0.377,0.688,82,0.305,77,26,3,3,0,0,0,7D/9H,,thompst01
410,Tim Tawa,27,ARI,NL,-0.6,33,76,64,6,11,3,0,1,8,0,2,9,18,0.172,0.27,0.266,0.536,50,0.245,52,17,1,0,2,1,0,7/H358D4,,tawati01
411,Austin Slater,33,3TM,2LG,0,28,74,65,6,15,3,0,0,3,4,0,8,21,0.231,0.311,0.277,0.588,67,0.29,69,18,1,0,0,1,0,9H/7D,,slateau01
412,Austin Slater,33,2TM,NL,-0.2,21,49,43,4,9,1,0,0,2,1,0,5,15,0.209,0.286,0.233,0.518,49,0.26,55,10,1,0,0,1,0,9H/7D,,slateau01
413,Austin Slater,33,MIA,NL,0,12,28,23,1,4,0,0,0,1,1,0,4,9,0.174,0.286,0.174,0.46,35,0.234,35,4,0,0,0,1,0,/9H,,slateau01
414,Austin Slater,33,NYM,NL,-0.1,9,21,20,3,5,1,0,0,1,0,0,1,6,0.25,0.286,0.3,0.586,65,0.294,81,6,1,0,0,0,0,/H7D9,,slateau01
415,Austin Slater,33,TBR,AL,0.1,7,25,22,2,6,2,0,0,1,3,0,3,6,0.273,0.36,0.364,0.724,102,0.348,96,8,0,0,0,0,0,/97H,,slateau01
416,Christopher Morel,27,MIA,NL,-0.5,22,73,68,3,11,3,0,0,1,1,0,4,28,0.162,0.219,0.206,0.425,22,0.2,14,14,0,1,0,0,0,3/DH,,morelch01
417,Colby Thomas,25,ATH,AL,-0.5,35,73,68,8,14,2,0,2,6,0,1,4,21,0.206,0.25,0.324,0.574,55,0.258,54,22,0,0,1,0,0,9H/7D8,,thomaco03
418,Joey Bart,29,2TM,NL,0.1,25,73,69,10,17,1,0,3,9,0,0,2,21,0.246,0.274,0.391,0.665,82,0.3,82,27,0,1,0,1,0,2/HD,,bartjo01
419,Joey Bart,29,PIT,NL,0,21,62,58,9,15,1,0,2,6,0,0,2,21,0.259,0.29,0.379,0.67,83,0.292,75,22,0,1,0,1,0,2/HD,,bartjo01
420,Joey Bart,29,ATL,NL,0.1,4,11,11,1,2,0,0,1,3,0,0,0,0,0.182,0.182,0.455,0.636,72,0.349,122,5,0,0,0,0,0,/2,,bartjo01
421,Ha-Seong Kim,30,ATL,NL,-1,23,72,65,4,5,0,0,0,3,1,0,7,18,0.077,0.167,0.077,0.244,-28,0.133,-35,5,1,0,0,0,0,6/H,,kimha01
422,Nick Allen,27,HOU,AL,0.5,37,70,64,12,16,2,0,1,5,1,0,3,14,0.25,0.29,0.328,0.618,73,0.292,76,21,2,1,1,1,0,64/H5,,allenni02
423,Lars Nootbaar,28,STL,NL,0.5,17,70,59,12,17,4,1,2,7,0,1,10,15,0.288,0.386,0.492,0.877,147,0.366,142,29,1,0,0,1,1,7/89HD,,nootbla01
424,Spencer Jones,25,NYY,AL,0.2,25,68,59,5,13,2,0,2,7,1,0,9,29,0.22,0.324,0.356,0.679,90,0.312,90,21,0,0,0,0,0,8/9DH,,jonessp01
425,Jhonny Pereda,30,SEA,AL,0.1,19,68,63,8,17,0,0,2,4,0,0,4,11,0.27,0.324,0.365,0.689,97,0.311,98,23,0,1,0,0,0,2,,peredjh01
426,Ramón Urías,32,STL,NL,0.1,25,68,57,9,9,3,0,2,5,0,1,6,12,0.158,0.279,0.316,0.595,69,0.277,77,18,1,4,0,1,0,5/H36,,uriasra01
427,Rodolfo Durán,28,SDP,NL,0.2,26,67,59,7,8,3,0,3,7,0,0,7,17,0.136,0.239,0.339,0.578,60,0.258,55,20,1,1,0,0,0,2/H,,duranro02
428,Jarred Kelenic,26,2TM,AL,-0.4,23,67,60,4,13,2,0,1,4,0,1,7,24,0.217,0.299,0.3,0.599,70,0.265,67,18,0,0,0,0,0,9/H7,,kelenja01
429,Jarred Kelenic,26,CHW,AL,-0.3,19,59,53,3,12,2,0,1,4,0,0,6,20,0.226,0.305,0.321,0.626,76,0.282,73,17,0,0,0,0,0,9/H,,kelenja01
430,Jarred Kelenic,26,TEX,AL,0,4,8,7,1,1,0,0,0,0,0,1,1,4,0.143,0.25,0.143,0.393,19,0.137,28,1,0,0,0,0,0,/7H,,kelenja01
431,Eric Haase,33,SFG,NL,0,23,66,60,8,12,3,0,4,9,0,0,4,20,0.2,0.25,0.45,0.7,96,0.297,88,27,1,0,2,0,0,2/7H,,haaseer01
432,Samad Taylor,27,SDP,NL,0.8,16,66,58,11,22,1,0,1,11,6,1,6,18,0.379,0.438,0.448,0.886,150,0.407,153,26,2,0,2,0,0,7/9H,,taylosa04
433,Víctor Robles,29,SEA,AL,-0.6,27,64,61,4,14,2,0,0,2,3,1,3,10,0.23,0.266,0.262,0.528,52,0.235,43,16,4,0,0,0,0,9/78HD,,roblevi01
434,James McCann,36,ARI,NL,-0.6,21,62,59,3,12,3,0,0,6,0,0,1,17,0.203,0.217,0.254,0.471,31,0.208,15,15,4,0,2,0,0,2/13DH,,mccanja02
435,Edwin Arroyo,22,CIN,NL,0.2,20,61,55,6,13,2,0,0,2,0,1,3,14,0.236,0.295,0.273,0.568,58,0.297,84,15,0,2,0,1,0,4/6H,,arroyed01
436,Denzer Guzman,22,LAA,AL,0.1,14,61,55,7,13,2,0,3,11,1,1,6,13,0.236,0.311,0.436,0.748,109,0.322,106,24,1,0,0,0,0,5,,guzmade01
437,Jorge Polanco,32,NYM,NL,-0.3,14,61,56,3,10,3,0,1,2,0,0,5,11,0.179,0.246,0.286,0.532,49,0.238,41,16,0,0,0,0,0,D/3,,polanjo01
438,Denzel Clarke,26,ATH,AL,-0.4,22,60,53,4,9,1,0,0,6,2,0,4,24,0.17,0.228,0.189,0.417,16,0.204,0,10,1,0,3,0,0,8/H,,clarkde02
439,Santiago Espinal,31,LAD,NL,0.2,36,60,56,5,15,3,0,1,7,0,0,1,8,0.268,0.276,0.375,0.651,81,0.283,72,21,5,0,2,1,0,54H/3D,,espinsa01
440,Jacob Gonzalez,24,CHW,AL,-0.1,19,60,53,5,10,0,0,1,5,0,0,5,16,0.189,0.283,0.245,0.529,50,0.253,52,13,0,2,0,0,0,3/H5,,gonzaja01
441,Victor Mesa Jr.,24,TBR,AL,0.1,20,60,50,8,9,0,0,3,8,0,2,9,15,0.18,0.305,0.36,0.665,84,0.286,84,18,1,0,1,0,0,9/HD8,,mesavi01
442,Sung-Mun Song,29,SDP,NL,-0.1,29,60,53,7,11,2,0,0,6,6,2,7,12,0.208,0.3,0.245,0.545,56,0.257,50,13,1,0,0,0,0,4/6H5,,songsu01
443,Ryan Ward,28,LAD,NL,0.2,19,59,54,8,11,4,0,3,11,0,0,5,17,0.204,0.271,0.444,0.716,96,0.307,90,24,2,0,0,0,0,7/3DH,,wardry01
444,Luis Campusano,27,SDP,NL,0.7,18,58,52,9,15,7,0,3,10,0,0,5,15,0.288,0.362,0.596,0.958,163,0.423,173,31,0,1,0,0,0,2,,campulu01
445,Cole Carrigg,24,COL,NL,0.5,14,58,48,9,13,2,1,3,11,1,1,8,12,0.271,0.379,0.542,0.921,142,0.384,137,26,1,1,0,1,0,8/6,,carrico01
446,Jonathan India,29,KCR,AL,0.2,17,58,48,8,8,1,0,2,8,0,0,8,13,0.167,0.31,0.313,0.623,77,0.306,92,15,0,2,0,0,0,4/H,,indiajo01
447,Pavin Smith,30,ARI,NL,-0.4,19,58,48,4,8,0,0,1,5,0,0,9,12,0.167,0.293,0.229,0.522,48,0.251,48,11,0,0,0,1,0,D/3H,,smithpa04
448,Sebastián Rivero,27,LAA,AL,0.2,24,57,53,5,13,2,0,0,8,0,0,3,12,0.245,0.286,0.283,0.569,62,0.259,58,15,1,0,1,0,0,2/H,,riverse01
449,Austin Wynns,35,2TM,2LG,-0.6,20,57,53,3,4,0,0,0,0,0,0,3,14,0.075,0.125,0.075,0.2,-43,0.119,-50,4,0,0,1,0,0,2,,wynnsau01
450,Austin Wynns,35,ATH,AL,-0.4,14,43,39,3,3,0,0,0,0,0,0,3,10,0.077,0.143,0.077,0.22,-38,0.137,-39,3,0,0,1,0,0,2,,wynnsau01
451,Austin Wynns,35,ATL,NL,-0.1,6,14,14,0,1,0,0,0,0,0,0,0,4,0.071,0.071,0.071,0.143,-59,0.065,-81,1,0,0,0,0,0,/2,,wynnsau01
452,Juan Brito,24,CLE,AL,-0.4,15,56,51,7,9,4,0,0,3,0,0,4,17,0.176,0.25,0.255,0.505,43,0.234,40,13,1,1,0,0,0,4/H,,britoju02
453,Tyler Callihan,26,PIT,NL,0.1,19,56,47,8,12,2,2,2,9,1,0,7,16,0.255,0.357,0.511,0.868,136,0.375,132,24,0,1,0,1,0,/95H4713,,callity01
454,Alejandro Kirk,27,TOR,AL,-0.1,14,56,51,4,10,2,0,1,6,0,0,4,8,0.196,0.25,0.294,0.544,48,0.245,40,15,1,0,0,1,0,2/H,,kirkal01
455,Zack Short,31,2TM,2LG,-0.3,26,55,44,4,7,2,0,0,2,0,0,7,17,0.159,0.278,0.205,0.482,37,0.235,34,9,0,1,1,2,0,6/H14,,shortza01
456,Zack Short,31,DET,AL,0.1,23,46,36,3,6,2,0,0,2,0,0,7,12,0.167,0.304,0.222,0.527,49,0.256,52,8,0,1,0,2,0,6/H4,,shortza01
457,Zack Short,31,NYM,NL,-0.4,3,9,8,1,1,0,0,0,0,0,0,0,5,0.125,0.125,0.125,0.25,-29,0.113,-66,1,0,0,1,0,0,/61H,,shortza01
458,Gabriel Arias,26,CLE,AL,0.1,16,54,52,2,10,2,0,2,5,0,0,2,25,0.192,0.222,0.346,0.568,57,0.249,50,18,0,0,0,0,0,6/5,,ariasga01
459,Zach Cole,25,HOU,AL,-0.1,19,53,51,4,8,1,0,3,8,0,0,1,21,0.157,0.189,0.353,0.542,47,0.235,38,18,0,1,0,0,0,7/8H9D,,coleza01
460,Jimmy Crooks,24,STL,NL,-0.4,17,53,47,2,8,2,0,1,7,0,0,5,14,0.17,0.264,0.277,0.541,54,0.251,53,13,1,1,0,0,0,2/DH,,crookji01
461,Braden Montgomery,23,CHW,AL,0.3,14,53,48,8,12,5,0,2,7,0,0,4,14,0.25,0.302,0.479,0.781,115,0.332,108,23,1,0,0,1,0,9/8H,,montgbr01
462,Pedro Ramírez,22,CHC,NL,0.3,20,53,49,7,13,3,0,1,6,2,0,3,8,0.265,0.308,0.388,0.695,98,0.335,109,19,2,0,1,0,0,/4H5D,,ramirpe01
463,Weston Wilson,31,2TM,AL,-0.1,22,53,46,7,10,1,0,1,3,3,1,6,11,0.217,0.321,0.304,0.625,78,0.295,80,14,0,1,0,0,0,5/17H,,wilsowe01
464,Weston Wilson,31,BAL,AL,-0.1,19,46,39,6,9,1,0,1,3,2,1,6,11,0.231,0.348,0.333,0.681,94,0.315,97,13,0,1,0,0,0,5/1H7,,wilsowe01
465,Weston Wilson,31,SEA,AL,-0.1,3,7,7,1,1,0,0,0,0,1,0,0,0,0.143,0.143,0.143,0.286,-18,0.165,-30,1,0,0,0,0,0,/57,,wilsowe01
466,Nick Madrigal,29,LAA,AL,0.5,15,52,44,7,12,1,0,0,2,1,1,7,3,0.273,0.385,0.295,0.68,96,0.33,112,13,1,1,0,0,0,/45DH,,madrini01
467,Alika Williams,27,ATH,AL,0.6,24,52,49,8,15,6,0,1,6,0,1,2,14,0.306,0.333,0.49,0.823,121,0.344,117,24,1,0,1,0,0,6/4H,,willial04
468,Dustin Harris,26,2TM,AL,0,17,52,43,6,10,1,1,0,5,4,0,6,7,0.233,0.333,0.302,0.636,80,0.315,81,13,0,1,1,1,0,7/9H,,harridu01
469,Dustin Harris,26,CHW,AL,0.2,6,16,12,2,3,1,0,0,1,2,0,4,1,0.25,0.438,0.333,0.771,121,0.398,133,4,0,0,0,0,0,/9H7,,harridu01
470,Dustin Harris,26,HOU,AL,-0.2,11,36,31,4,7,0,1,0,4,2,0,2,6,0.226,0.286,0.29,0.576,62,0.276,57,9,0,1,1,1,0,7/9H,,harridu01
471,Elias Díaz,35,2TM,AL,0.5,23,52,50,7,14,4,0,2,10,0,0,1,10,0.28,0.288,0.48,0.768,117,0.342,122,24,0,0,0,1,0,2/DH,,diazel01
472,Elias Díaz,35,KCR,AL,0.3,10,23,22,3,5,2,0,2,5,0,0,1,5,0.227,0.261,0.591,0.852,132,0.396,155,13,0,0,0,0,0,2,,diazel01
473,Elias Díaz,35,TEX,AL,0.2,13,29,28,4,9,2,0,0,5,0,0,0,5,0.321,0.31,0.393,0.703,105,0.299,96,11,0,0,0,1,0,2/DH,,diazel01
474,Zach Dezenzo,26,HOU,AL,0.2,21,51,47,5,9,4,0,1,2,0,0,4,19,0.191,0.255,0.34,0.595,65,0.281,71,16,1,0,0,0,0,7/H,,dezenza01
475,Petey Halpin,24,CLE,AL,-0.1,26,51,48,8,9,1,1,0,1,2,0,1,15,0.188,0.204,0.25,0.454,27,0.21,13,12,0,0,2,0,0,8/H9,,halpipe01
476,Bryce Teodosio,27,LAA,AL,-0.3,34,51,47,5,10,2,0,0,2,4,1,3,18,0.213,0.26,0.255,0.515,47,0.237,36,12,1,0,1,0,0,7/8H9,,teodobr01
477,Orlando Arcia,31,MIN,AL,0,19,50,48,6,13,1,0,1,2,0,1,2,8,0.271,0.3,0.354,0.654,81,0.28,75,17,3,0,0,0,0,6/4H351,,arciaor01
478,LuJames Groover,24,ARI,NL,0,13,49,43,4,8,2,0,1,4,0,0,5,8,0.186,0.286,0.302,0.588,64,0.271,63,13,3,1,0,0,0,/3D5,,groovlu01
479,Bryce Johnson,30,SDP,NL,-0.2,32,49,45,5,8,2,0,0,2,5,1,3,18,0.178,0.229,0.222,0.451,28,0.222,18,10,1,0,1,0,0,H/978D,,johnsbr03
480,Bryan Torres,28,STL,NL,0.3,18,49,43,6,10,0,1,2,5,1,0,5,8,0.233,0.313,0.419,0.731,106,0.342,115,18,0,0,1,0,0,7/H458D,,torrebr01
481,Andres Chaparro,27,WSN,NL,0.1,22,48,38,7,7,3,0,0,5,0,0,9,11,0.184,0.354,0.263,0.617,78,0.298,85,10,1,1,0,0,0,3/HD,,chapaan01
482,Jose Trevino,33,CIN,NL,0,16,48,45,4,8,1,0,0,2,0,0,1,7,0.178,0.196,0.2,0.396,9,0.217,18,9,0,0,2,0,0,2/1,,trevijo01
483,Braxton Fulford,27,COL,NL,0.1,25,47,39,10,9,3,0,1,7,4,0,6,17,0.231,0.319,0.385,0.704,87,0.327,79,15,0,0,0,2,0,DH/2,,fulfobr01
484,Sam Haggerty,32,TEX,AL,-0.4,35,47,44,3,7,1,0,0,1,2,0,2,16,0.159,0.213,0.182,0.395,18,0.194,15,8,1,1,0,0,0,7H/81D,,haggesa01
485,Blaze Jordan,23,STL,NL,0.4,12,47,42,5,12,3,1,1,12,0,0,2,4,0.286,0.298,0.476,0.774,116,0.317,101,20,2,0,0,3,0,5/3,,jordabl01
486,Connor Joe,33,SEA,AL,0,21,45,39,2,7,2,0,1,3,2,0,6,15,0.179,0.289,0.308,0.597,72,0.305,86,12,1,0,0,0,0,9/H37,,joeco01
487,Austin Hays,30,CHW,AL,-0.4,12,44,43,3,10,1,0,1,7,0,1,1,13,0.233,0.25,0.326,0.576,60,0.231,44,14,1,0,0,0,1,7/9DH,,haysau01
488,Jordan Lawlar,23,ARI,NL,0.6,12,44,38,6,12,2,0,1,4,4,0,3,10,0.316,0.409,0.447,0.856,139,0.426,158,17,0,3,0,0,0,/78,,lawlajo01
489,Sandy León,37,ATL,NL,-0.5,21,44,44,0,4,0,0,0,0,0,0,0,18,0.091,0.091,0.091,0.182,-48,0.082,-69,4,0,0,0,0,0,2,,leonsa01
490,Patrick Wisdom,34,SEA,AL,-0.6,15,44,41,3,5,1,0,1,4,0,0,3,18,0.122,0.182,0.22,0.401,15,0.173,-1,9,0,0,0,0,1,/53HD,,wisdopa01
491,Alex Jackson,30,MIN,AL,0.1,16,43,41,5,13,3,0,0,3,0,0,0,13,0.317,0.349,0.39,0.739,105,0.324,99,16,0,2,0,0,0,2/1H,,jacksal02
492,Jesús Rodríguez,24,SFG,NL,-0.1,14,43,39,3,9,0,0,2,7,1,1,3,5,0.231,0.302,0.385,0.687,96,0.301,96,15,1,1,0,0,0,/27H94,,rodrije02
493,Max Schuemann,29,NYY,AL,0,22,42,32,9,6,4,0,0,3,2,2,9,10,0.188,0.381,0.313,0.693,97,0.318,106,10,0,1,0,0,0,H/7961458D,,schuema01
494,Nick Sogard,28,BOS,AL,0.2,12,41,35,3,9,2,1,0,2,0,0,5,6,0.257,0.35,0.371,0.721,106,0.322,104,13,1,0,1,0,0,/4563H,,sogarni01
495,Travis d'Arnaud,37,LAA,AL,0.2,14,40,35,5,7,1,0,1,3,0,0,3,7,0.2,0.3,0.314,0.614,74,0.308,93,11,1,2,0,0,0,2,,darnatr01
496,Nelson Velázquez,27,STL,NL,0.1,15,40,36,6,10,2,0,2,6,0,0,3,10,0.278,0.35,0.5,0.85,138,0.366,135,18,0,1,0,0,0,/7HD9,,velazne01
497,Parker Meadows,26,DET,AL,0.1,12,39,36,3,9,1,1,0,2,3,0,2,10,0.25,0.308,0.333,0.641,78,0.305,73,12,0,1,0,0,0,8/H,,meadopa01
498,Félix Reyes,25,PHI,NL,-0.5,12,38,38,2,6,1,0,1,2,0,0,0,9,0.158,0.158,0.263,0.421,12,0.179,-8,10,1,0,0,0,0,/7359H,,reyesfe01
499,George Valera,25,CLE,AL,-0.2,13,38,37,1,8,3,0,0,6,0,0,1,8,0.216,0.237,0.297,0.534,50,0.261,59,11,1,0,0,0,0,/79HD,,valerge01
500,Gage Workman,26,DET,AL,-0.5,16,38,38,3,6,3,0,2,5,0,0,0,16,0.158,0.158,0.395,0.553,47,0.231,34,15,0,0,0,0,0,5/H4D,,workmga01
501,Jhostynxon García,23,PIT,NL,-0.4,13,37,35,2,7,1,0,0,2,0,0,1,10,0.2,0.243,0.229,0.472,31,0.216,21,8,1,1,0,0,0,/879DH,,garcijh01
502,Ronny Mauricio,25,NYM,NL,-0.3,11,37,37,3,8,1,0,1,2,0,0,0,13,0.216,0.216,0.324,0.541,49,0.233,37,12,1,0,0,0,0,/65DH,,mauriro01
503,Will Wagner,27,SDP,NL,0.1,13,37,29,4,8,1,0,0,0,0,0,8,7,0.276,0.432,0.31,0.743,114,0.369,135,9,1,0,0,0,1,D/4H5,,wagnewi01
504,Griffin Conine,28,MIA,NL,0.3,14,36,33,6,7,2,0,2,5,2,0,2,12,0.212,0.278,0.455,0.732,104,0.33,101,15,0,1,0,0,0,/79HD3,,coningr01
505,Rece Hinds,25,CIN,NL,-0.4,12,36,33,2,4,3,0,0,5,0,0,1,18,0.121,0.167,0.212,0.379,3,0.169,-13,7,0,1,0,1,0,9/HD,,hindsre01
506,Jerar Encarnacion,28,SFG,NL,-0.4,17,35,34,1,6,1,0,0,0,0,0,1,8,0.176,0.2,0.206,0.406,17,0.182,6,7,1,0,0,0,0,/9H3D7,,encarje01
507,Michael Helman,30,TEX,AL,-0.2,15,35,30,2,5,1,0,1,2,0,0,1,6,0.167,0.235,0.3,0.535,56,0.238,51,9,0,2,1,1,0,/86H79,,helmami01
508,Eloy Jiménez,29,TOR,AL,-0.1,12,35,31,2,9,0,0,0,3,0,0,3,7,0.29,0.343,0.29,0.633,75,0.291,72,9,1,0,0,1,0,/DH,,jimenel02
509,Tyler Tolbert,28,KCR,AL,-0.1,24,35,29,9,7,0,0,0,1,5,2,4,10,0.241,0.324,0.241,0.565,63,0.273,64,7,2,0,1,1,0,H/649718D,,tolbety01
510,Esmerlyn Valdez,22,PIT,NL,-0.2,12,35,33,4,5,2,0,2,6,0,0,2,17,0.152,0.2,0.394,0.594,59,0.253,48,13,1,0,0,0,0,/9H7,,valdees01
511,Reese McGuire,31,CHW,AL,-0.5,11,34,29,1,5,0,0,0,3,0,0,2,9,0.172,0.273,0.172,0.445,29,0.224,30,5,0,2,1,0,0,2/1H,,mcguire01
512,Chad Stevens,27,COL,NL,-0.4,16,34,28,1,1,0,0,0,3,0,0,5,13,0.036,0.176,0.036,0.212,-39,0.129,-49,1,0,0,0,1,0,4/H56,,stevech02
513,Tanner Murray,26,CHW,AL,0,13,33,28,2,6,0,0,1,3,0,0,2,7,0.214,0.281,0.321,0.603,69,0.308,90,9,0,1,1,1,1,/756H,,murrata01
514,Yohel Pozo,29,STL,NL,-0.2,18,33,33,0,8,1,0,0,5,0,0,0,3,0.242,0.242,0.273,0.515,46,0.285,77,9,5,0,0,0,0,/HD23,,pozoyo01
515,Carson Williams,23,TBR,AL,-0.5,12,33,30,6,3,1,0,0,3,0,0,2,11,0.1,0.156,0.133,0.29,-19,0.14,-34,4,1,0,1,0,0,/6H4D,,willica02
516,Jase Bowen,25,SDP,NL,-0.3,16,32,30,3,4,1,0,0,0,3,0,2,14,0.133,0.188,0.167,0.354,1,0.188,-11,5,0,0,0,0,0,9/H7D,,bowenja01
517,P.J. Higgins,33,CIN,NL,-0.1,13,32,26,1,6,1,0,0,4,0,0,2,8,0.231,0.276,0.269,0.545,51,0.247,37,7,1,0,3,1,0,2/1,,higgipj01
518,Cooper Pratt,21,MIL,NL,0.3,9,31,27,2,7,0,0,0,2,4,0,3,6,0.259,0.323,0.259,0.582,64,0.303,63,7,2,0,0,1,0,/6,,prattco01
519,Kameron Misner,28,KCR,AL,-0.3,11,30,28,1,8,1,0,0,4,2,1,1,12,0.286,0.31,0.321,0.632,80,0.279,73,9,0,0,1,0,0,/87HD,,misneka01
520,Rikuu Nishida,25,CHW,AL,0.1,12,30,29,3,7,0,0,0,2,0,0,0,5,0.241,0.241,0.241,0.483,36,0.237,39,7,0,0,1,0,0,9/48H,,nishiri01
521,Gabriel Rincones Jr.,25,PHI,NL,-0.3,9,30,30,2,4,0,0,1,3,0,0,0,7,0.133,0.133,0.233,0.367,-3,0.188,-1,7,1,0,0,0,0,/9H,,rincoga01
522,Addison Barger,26,TOR,AL,-0.2,9,28,22,2,1,1,0,0,2,0,0,5,7,0.045,0.214,0.091,0.305,-12,0.17,-13,2,1,0,0,1,0,/9H,,bargead01
523,Tyler Black,25,MIL,NL,0.1,9,28,27,2,9,4,0,0,7,0,0,1,7,0.333,0.357,0.481,0.839,130,0.358,124,13,1,0,0,0,0,/DH37,,blackty01
524,Garrett Stubbs,33,PHI,NL,0,17,28,24,7,4,0,0,0,1,0,0,1,5,0.167,0.25,0.167,0.417,17,0.203,9,4,0,2,0,1,0,/2H1357D,,stubbga01
525,Stuart Fairchild,30,CLE,AL,0.1,14,27,19,3,3,0,0,0,1,2,0,7,14,0.158,0.407,0.158,0.565,68,0.325,91,3,0,1,0,0,0,/89H7D,,faircst01
526,Otto Kemp,26,PHI,NL,-0.6,13,27,25,0,2,0,0,0,0,0,0,1,10,0.08,0.148,0.08,0.228,-35,0.12,-50,2,0,1,0,0,0,7/H4,,kempot01
527,Miles Mastrobuoni,30,SEA,AL,0.1,8,27,23,3,5,0,0,0,1,0,0,2,10,0.217,0.269,0.217,0.487,42,0.229,38,5,0,0,1,1,0,/5374,,mastrmi01
528,Chadwick Tromp,31,ATL,NL,-0.2,12,27,25,1,5,1,0,0,3,0,0,0,7,0.2,0.192,0.24,0.432,22,0.183,0,6,0,0,1,1,0,2,,trompch01
529,Víctor Bericoto,24,SFG,NL,0.1,15,26,26,3,6,0,0,3,4,0,1,0,9,0.231,0.231,0.577,0.808,122,0.319,118,15,0,0,0,0,0,9/H73,,bericvi01
530,Billy Cook,27,PIT,NL,-0.2,43,26,26,6,4,0,0,0,0,4,1,0,11,0.154,0.154,0.154,0.308,-15,0.15,-38,4,0,0,0,0,0,H897/3D,,cookbi01
531,Carlos Santana,40,ARI,NL,-0.5,8,26,24,1,2,1,0,0,0,0,0,2,8,0.083,0.154,0.125,0.279,-21,0.137,-33,3,0,0,0,0,0,/3,,santaca01
532,Anthony Seigler,27,BOS,AL,0.2,8,26,24,3,8,3,0,0,1,0,0,2,7,0.333,0.385,0.458,0.843,139,0.374,140,11,0,0,0,0,0,/45H,,seiglan01
533,Andy Ibáñez,33,2TM,2LG,-0.7,14,26,23,1,2,0,0,0,5,0,0,1,3,0.087,0.115,0.087,0.202,-43,0.132,-38,2,0,0,0,2,0,/4H573D,,ibanean01
534,Andy Ibáñez,33,ATH,AL,-0.4,11,18,17,1,2,0,0,0,3,0,0,1,2,0.118,0.167,0.118,0.284,-20,0.19,2,2,0,0,0,0,0,/4H53D,,ibanean01
535,Andy Ibáñez,33,NYM,NL,-0.3,3,8,6,0,0,0,0,0,2,0,0,0,1,0,0,0,0,-100,0,-129,0,0,0,0,2,0,/75,,ibanean01
536,CJ Kayfus,24,CLE,AL,0,9,25,22,4,4,1,0,1,2,0,0,2,8,0.182,0.28,0.364,0.644,80,0.29,79,8,0,1,0,0,0,/79H,,kayfucj01
537,Charles McAdoo,24,TOR,AL,-0.1,8,25,25,2,4,0,0,1,3,0,0,0,6,0.16,0.16,0.28,0.44,17,0.187,-1,7,1,0,0,0,0,/34,,mcadoch01
538,Eric Wagaman,28,NYM,NL,0,14,25,22,3,5,0,0,2,4,0,0,2,6,0.227,0.32,0.5,0.82,126,0.352,122,11,1,1,0,0,0,H/35D79,,wagamer01
539,Jonah Cox,24,SFG,NL,0.4,18,24,22,5,7,1,1,1,2,2,0,0,12,0.318,0.318,0.591,0.909,153,0.408,157,13,0,0,2,0,0,8/H7D,,coxjo01
540,Tommy Edman,31,LAD,NL,0.3,7,24,22,0,8,1,0,0,1,0,0,2,4,0.364,0.417,0.409,0.826,133,0.446,189,9,0,0,0,0,0,/754DH,,edmanto01
541,Shay Whitcomb,27,HOU,AL,0,17,24,23,2,3,0,0,2,5,0,0,1,11,0.13,0.167,0.391,0.558,50,0.237,40,9,0,0,0,0,0,H/536D7,,whitcsh01
542,Will Brennan,28,SFG,NL,-0.5,11,23,23,0,2,0,0,0,0,0,0,0,3,0.087,0.087,0.087,0.174,-50,0.079,-68,2,1,0,0,0,0,/79HD,,brennwi02
543,Sam Huff,28,BAL,AL,-0.1,9,23,23,1,4,2,0,0,1,0,0,0,11,0.174,0.174,0.261,0.435,21,0.184,5,6,0,0,0,0,0,/2H,,huffsa01
544,Ray Delgado,26,HOU,AL,-0.2,10,22,21,1,6,0,0,0,2,0,0,0,3,0.286,0.286,0.286,0.571,61,0.255,50,6,0,0,1,0,0,/456H,,delgara02
545,Greg Jones,28,MIL,NL,-0.6,11,22,21,0,2,0,0,0,1,1,1,0,9,0.095,0.095,0.095,0.19,-47,0.069,-82,2,0,0,1,0,0,/79H,,jonesgr02
546,César Salazar,30,HOU,AL,-0.2,9,22,18,0,1,0,0,0,1,0,0,3,3,0.056,0.227,0.056,0.283,-15,0.17,-7,1,0,1,0,0,0,/21,,salazce01
547,Kahlil Watson,23,CLE,AL,0.2,7,22,21,1,5,0,0,1,6,1,1,1,9,0.238,0.273,0.381,0.654,82,0.278,79,8,0,0,0,0,0,/9H,,watsoka01
548,Nate Eaton,29,BOS,AL,0.2,8,21,16,3,4,2,0,1,4,2,0,4,3,0.25,0.429,0.563,0.991,179,0.452,179,9,0,1,0,0,0,/DH789,,eatonna01
549,Luis Matos,24,MIL,NL,-0.1,9,21,20,1,4,0,0,0,0,0,0,1,7,0.2,0.238,0.2,0.438,23,0.205,15,4,1,0,0,0,0,/9H7D,,matoslu02
550,Christian Moore,23,LAA,AL,-0.4,5,21,19,0,4,0,0,0,1,0,1,1,10,0.211,0.238,0.211,0.449,29,0.177,18,4,0,0,0,1,0,/74D,,moorech03
551,Ali Sanchez,29,NYY,AL,0.2,10,21,19,2,6,2,0,0,3,0,0,1,7,0.316,0.381,0.421,0.802,124,0.405,158,8,0,1,0,0,0,2,,sanchal04
552,Jeimer Candelario,32,LAA,AL,-0.2,7,20,18,3,2,2,0,0,0,0,0,1,8,0.111,0.2,0.222,0.422,20,0.198,15,4,1,1,0,0,0,/H35D,,candeje01
553,Aramis Garcia,33,ARI,NL,-0.2,8,19,19,2,3,0,0,1,2,0,0,0,6,0.158,0.158,0.316,0.474,28,0.202,13,6,0,0,0,0,0,/2,,garciar01
554,Cody Freeman,25,TEX,AL,-0.3,7,18,17,1,4,0,0,0,0,0,0,1,5,0.235,0.278,0.235,0.513,53,0.23,47,4,0,0,0,0,0,/74H,,freemco01
555,Daniel Johnson,30,HOU,AL,-0.2,8,17,14,1,2,0,0,0,0,0,0,2,3,0.143,0.294,0.143,0.437,28,0.232,37,2,1,1,0,0,0,/87,,johnsda07
556,César Prieto,27,STL,NL,-0.6,6,17,17,0,0,0,0,0,0,0,0,0,2,0,0,0,0,-100,0,-126,0,1,0,0,0,0,/56H,,prietce01
557,Chuckie Robinson,31,LAD,NL,-0.2,5,17,15,1,2,0,0,0,1,0,0,0,4,0.133,0.133,0.133,0.267,-25,0.12,-62,2,0,0,2,0,0,/2,,robinch04
558,Hayden Senger,29,NYM,NL,-0.1,7,17,15,2,2,0,0,1,2,0,0,0,4,0.133,0.133,0.333,0.467,25,0.196,-2,5,0,0,2,0,0,/2,,sengeha01
559,José Azócar,30,ATL,NL,0.3,9,16,15,1,5,2,0,0,0,1,0,1,3,0.333,0.375,0.467,0.842,137,0.373,129,7,0,0,0,0,0,/9H78,,azocajo01
560,John Rave,28,KCR,AL,0.4,7,16,13,3,4,2,1,1,1,0,0,3,5,0.308,0.438,0.846,1.284,253,0.51,234,11,0,0,0,0,0,/9H7D,,ravejo01
561,Kyle Farmer,35,ATL,NL,-0.1,10,15,14,2,4,1,0,0,3,0,0,0,4,0.286,0.267,0.357,0.624,75,0.264,62,5,0,0,0,1,0,/HD56,,farmeky01
562,Christian Koss,28,SFG,NL,-0.2,9,15,14,1,1,1,0,0,0,0,0,0,2,0.071,0.133,0.143,0.276,-21,0.132,-30,2,0,1,0,0,0,/4H16D,,kossch01
563,Dylan Moore,33,PHI,NL,-0.2,13,15,12,3,0,0,0,0,0,1,0,3,6,0,0.2,0,0.2,-39,0.156,-36,0,0,0,0,0,0,H/3178D4,,mooredy01
564,Ryan Mountcastle,29,BAL,AL,-0.1,8,15,14,0,4,1,0,0,1,0,0,1,2,0.286,0.333,0.357,0.69,95,0.306,90,5,0,0,0,0,0,/H3D,,mountry01
565,Trey Mancini,34,LAA,AL,0,5,14,13,1,4,0,1,0,4,0,0,0,3,0.308,0.286,0.462,0.747,107,0.308,93,6,1,0,0,1,0,/3DH,,mancitr01
566,Sean Murphy,31,ATL,NL,-0.3,4,14,14,1,1,0,0,0,0,0,0,0,6,0.071,0.071,0.071,0.143,-59,0.065,-81,1,1,0,0,0,0,/2,,murphse01
567,Tommy Pham,38,NYM,NL,-0.4,9,14,13,1,0,0,0,0,0,0,0,1,7,0,0.071,0,0.071,-78,0.05,-93,0,0,0,0,0,0,/7H,,phamth01
568,Vidal Bruján,28,NYM,NL,0,9,13,11,4,1,0,0,0,1,0,1,1,1,0.091,0.167,0.091,0.258,-25,0.083,-51,1,0,0,1,0,0,/6H7,,brujavi01
569,Kyler Fedko,26,MIN,AL,-0.3,8,13,10,0,0,0,0,0,1,0,1,2,4,0,0.154,0,0.154,-52,0.069,-52,0,0,0,0,1,0,/7H89,,fedkoky01
570,Collin Price,26,HOU,AL,0,7,13,12,1,2,1,0,0,0,0,0,1,6,0.167,0.231,0.25,0.481,35,0.221,28,3,0,0,0,0,0,/2H3D,,priceco01
571,LaMonte Wade Jr.,32,HOU,AL,0,4,13,12,2,4,2,0,1,4,0,0,1,3,0.333,0.385,0.75,1.135,208,0.467,201,9,0,0,0,0,0,/73H,,wadela01
572,Oliver Dunn,28,TBR,AL,-0.2,9,12,11,4,1,0,0,0,1,0,0,1,3,0.091,0.167,0.091,0.258,-26,0.126,-40,1,0,0,0,0,0,/H65D,,dunnol01
573,Nick Morabito,23,NYM,NL,-0.3,5,12,11,0,0,0,0,0,0,0,1,0,9,0,0.083,0,0.083,-74,0.019,-85,0,0,1,0,0,0,/7DH9,,morabni01
574,Johnathan Rodríguez,26,BAL,AL,-0.2,5,11,7,0,0,0,0,0,1,0,0,3,4,0,0.273,0,0.273,-14,0.191,10,0,1,0,0,1,0,/9HD,,rodrijo10
575,Kevin Alcántara,23,CHC,NL,0,12,10,9,1,1,0,0,0,0,0,1,1,4,0.111,0.2,0.111,0.311,-7,0.11,-9,1,0,0,0,0,0,/HD87,,alcanke01
576,Ryan Bliss,26,SEA,AL,0,3,10,8,0,1,0,0,0,1,0,0,1,3,0.125,0.2,0.125,0.325,-4,0.161,-7,1,0,0,0,1,0,/4DH,,blissry01
577,Junior Pérez,24,CHW,AL,0,6,10,9,1,2,0,0,1,1,0,1,1,4,0.222,0.3,0.556,0.856,134,0.314,131,5,0,0,0,0,0,/87H9,,perezju03
578,Josh Rojas,32,KCR,AL,0.2,5,10,10,2,3,1,0,1,4,0,0,0,1,0.3,0.3,0.7,1,172,0.421,172,7,0,0,0,0,0,/H456,,rojasjo01
579,Nick Solak,31,SDP,NL,-0.1,4,10,7,0,1,0,0,0,1,0,0,1,0,0.143,0.3,0.143,0.443,30,0.223,30,1,0,1,0,1,0,/DH,,solakni01
580,Rowdy Tellez,31,ATL,NL,0,6,10,10,2,2,0,0,1,4,0,0,0,3,0.2,0.2,0.5,0.7,90,0.293,83,5,0,0,0,0,0,/H3D,,tellero01
581,Luis Urías,29,TOR,AL,0.2,3,10,9,1,3,0,0,1,2,0,0,1,1,0.333,0.4,0.667,1.067,184,0.446,181,6,0,0,0,0,0,/4,,uriaslu01
582,Joey Meneses,34,ATH,AL,-0.1,3,9,7,0,1,0,0,0,1,0,0,2,1,0.143,0.333,0.143,0.476,37,0.257,49,1,1,0,0,0,0,/D,,menesjo01
583,Kyle Teel,24,CHW,AL,0,2,9,7,1,1,0,0,0,0,0,0,1,3,0.143,0.333,0.143,0.476,40,0.26,57,1,0,1,0,0,0,/2,,teelky01
584,Jace Jung,25,DET,AL,0,3,8,6,1,1,0,0,0,0,0,0,2,1,0.167,0.375,0.167,0.542,58,0.289,74,1,0,0,0,0,0,/D,,jungja01
585,Buddy Kennedy,27,SFG,NL,-0.2,7,8,7,0,0,0,0,0,0,0,0,1,3,0,0.125,0,0.125,-60,0.087,-61,0,0,0,0,0,0,/H514D,,kennebu01
586,Steward Berroa,27,PHI,NL,-0.1,6,7,7,0,1,0,0,0,1,0,0,0,4,0.143,0.143,0.143,0.286,-22,0.129,-44,1,0,0,0,0,0,/897,,berrost01
587,Deyvison De Los Santos,23,MIA,NL,0,3,7,7,0,2,1,0,0,0,0,0,0,3,0.286,0.286,0.429,0.714,100,0.294,84,3,0,0,0,0,0,/3D,,delosde01
588,Ben Malgeri,26,DET,AL,0,2,7,6,1,2,0,0,0,1,0,0,0,3,0.333,0.286,0.333,0.619,71,0.259,53,2,0,0,0,1,0,/98,,malgebe01
589,Jared Oliva,30,SFG,NL,0,7,7,7,1,1,0,0,0,0,1,0,0,1,0.143,0.143,0.143,0.286,-18,0.164,-31,1,1,0,0,0,0,/8H7,,olivaja01
590,Ryan Ritter,25,COL,NL,-0.1,6,7,7,1,1,0,0,0,0,0,0,0,3,0.143,0.143,0.143,0.286,-23,0.129,-50,1,0,0,0,0,0,/4H,,rittery01
591,Brett Harris,28,ATH,AL,0.1,5,6,4,0,0,0,0,0,0,0,0,1,2,0,0.333,0,0.333,2,0.239,36,0,0,1,0,0,0,/5H4,,harribr02
592,Logan Porter,30,2TM,2LG,0.1,3,6,4,2,1,1,0,0,0,0,0,2,2,0.25,0.5,0.5,1,185,0.444,187,2,0,0,0,0,0,/2H,,portelo01
593,Logan Porter,30,SFG,NL,0,1,0,0,1,0,0,0,0,0,0,0,0,0,,,,,,,,0,0,0,0,0,0,/H,,portelo01
594,Logan Porter,30,LAA,AL,0.1,2,6,4,1,1,1,0,0,0,0,0,2,2,0.25,0.5,0.5,1,185,0.444,187,2,0,0,0,0,0,/2,,portelo01
595,Will Wilson,27,SEA,AL,0,2,6,5,1,1,0,0,1,2,0,0,1,1,0.2,0.333,0.8,1.133,212,0.457,200,4,0,0,0,0,0,/5,,wilsowi03
596,Luken Baker,29,ARI,NL,-0.1,3,5,5,0,1,0,0,0,0,0,0,0,3,0.2,0.2,0.2,0.4,12,0.181,-4,1,0,0,0,0,0,/3H,,bakerlu01
597,Trei Cruz,27,DET,AL,-0.2,2,5,5,0,0,0,0,0,0,0,0,0,3,0,0,0,0,-100,0,-129,0,0,0,0,0,0,/79,,cruztr01
598,Rafael Flores,25,PIT,NL,0.2,2,5,3,2,2,1,0,1,2,0,0,2,0,0.667,0.8,2,2.8,639,0.936,539,6,0,0,0,0,0,/2,,florera03
599,Jim Jarvis,25,ATL,NL,-0.1,2,5,5,0,1,0,0,0,0,0,0,0,2,0.2,0.2,0.2,0.4,14,0.181,2,1,0,0,0,0,0,/6,,jarviji01
600,Michael Stefanic,30,ATH,AL,0,2,5,5,1,2,0,0,0,0,0,0,0,1,0.4,0.4,0.4,0.8,119,0.363,122,2,0,0,0,0,0,/46H,,stefami01
601,Dylan Carlson,27,CHC,NL,-0.2,3,4,4,1,0,0,0,0,0,0,0,0,2,0,0,0,0,-100,0,-124,0,0,0,0,0,0,/H79D,,carlsdy01
602,Gabriel González,22,MIN,AL,0.1,1,4,2,1,1,0,0,0,0,0,0,2,0,0.5,0.75,0.5,1.25,256,0.553,261,1,0,0,0,0,0,/7,,gonzaga03
603,Kiké Hernández,34,LAD,NL,0.2,2,4,4,2,4,2,0,1,2,0,0,0,0,1,1,2.25,3.25,777,1.336,824,9,0,0,0,0,0,/5,,hernaen02
604,Scott Kingery,32,CHC,NL,-0.2,8,4,4,2,1,0,0,0,0,1,0,0,0,0.25,0.25,0.25,0.5,44,0.287,39,1,0,0,0,0,0,/HD45,,kingesc01
605,Davis Wendzel,29,PIT,NL,-0.1,2,4,4,0,0,0,0,0,0,0,0,0,0,0,0,0,0,-100,0,-133,0,0,0,0,0,0,/34H,,wendzda01
606,Justin Dean,29,CHC,NL,0.1,3,3,3,1,2,0,1,0,3,0,0,0,0,0.667,0.667,1.333,2,455,0.829,474,4,0,0,0,0,0,/98,,deanju01
607,Blake Hunt,27,SDP,NL,0,2,3,3,0,0,0,0,0,0,0,0,0,3,0,0,0,0,-100,0,-132,0,0,0,0,0,0,/2,,huntbl01
608,Omar Martínez,24,LAA,AL,0,5,3,3,0,1,0,0,0,0,0,0,0,1,0.333,0.333,0.333,0.667,90,0.303,89,1,0,0,0,0,0,/2H,,martiom01
609,Brian Navarreto,31,MIA,NL,0.1,1,3,1,1,0,0,0,0,0,0,0,1,1,0,0.5,0,0.5,59,0.349,135,0,0,0,1,0,0,/2,,navarbr01
610,Jair Camargo,26,ATL,NL,0.1,1,2,2,1,1,1,0,0,0,0,0,0,1,0.5,0.5,1,1.5,311,0.627,322,2,0,0,0,0,0,/2H,,camarja01
611,Jeferson Quero,23,MIL,NL,0,1,2,1,0,0,0,0,0,0,0,0,1,0,0,0.5,0,0.5,55,0.349,117,0,0,0,0,0,0,/2,,queroje01
612,Maverick Handley,28,BAL,AL,0,1,1,1,0,0,0,0,0,0,0,0,0,1,0,0,0,0,-100,0,-117,0,0,0,0,0,0,/H,,handlma01
613,Michael Siani,26,BAL,AL,0,1,1,1,0,0,0,0,0,0,0,0,0,0,0,0,0,0,-100,0,-117,0,0,0,0,0,0,/8,,sianimi01
614,Luke Williams,29,ATL,NL,-0.1,2,1,0,0,0,0,0,0,0,0,0,1,0,,1,,,,0.699,382,0,0,0,0,0,0,/47H,,willilu01
615,Clayton Beeter,27,WSN,NL,0,3,0,0,0,0,0,0,0,0,0,0,0,0,,,,,,,,0,0,0,0,0,0,1,,beetecl01
616,Paul Blackburn,32,NYY,AL,0,1,0,0,0,0,0,0,0,0,0,0,0,0,,,,,,,,0,0,0,0,0,0,1,,blackpa01
617,Kyle Bradish,29,BAL,AL,0,1,0,0,0,0,0,0,0,0,0,0,0,0,,,,,,,,0,0,0,0,0,0,1,,bradiky01
618,Aroldis Chapman,38,BOS,AL,0,2,0,0,0,0,0,0,0,0,0,0,0,0,,,,,,,,0,0,0,0,0,0,1,,chapmar01
619,Jack Dreyer,27,LAD,NL,0,1,0,0,0,0,0,0,0,0,0,0,0,0,,,,,,,,0,0,0,0,0,0,1,,dreyeja01
620,Jhoan Duran,28,PHI,NL,0,1,0,0,0,0,0,0,0,0,0,0,0,0,,,,,,,,0,0,0,0,0,0,1,,duranjh01
621,Lucas Erceg,31,KCR,AL,0,1,0,0,0,0,0,0,0,0,0,0,0,0,,,,,,,,0,0,0,0,0,0,1,,erceglu01
622,Carlos Estévez,33,KCR,AL,0,1,0,0,0,0,0,0,0,0,0,0,0,0,,,,,,,,0,0,0,0,0,0,/1,,estevca01
623,Pete Fairbanks,32,MIA,NL,0,1,0,0,0,0,0,0,0,0,0,0,0,0,,,,,,,,0,0,0,0,0,0,1,,fairbpe01
624,Didier Fuentes,21,ATL,NL,0,2,0,0,0,0,0,0,0,0,0,0,0,0,,,,,,,,0,0,0,0,0,0,1,,fuentdi01
625,Rico Garcia,32,BAL,AL,0,1,0,0,0,0,0,0,0,0,0,0,0,0,,,,,,,,0,0,0,0,0,0,1,,garciri01
626,Cade Gibson,28,MIA,NL,0,2,0,0,0,0,0,0,0,0,0,0,0,0,,,,,,,,0,0,0,0,0,0,1,,gibsoca01
627,J.T. Ginn,27,ATH,AL,0,1,0,0,0,0,0,0,0,0,0,0,0,0,,,,,,,,0,0,0,0,0,0,1,,ginnjt01
628,Edgardo Henriquez,24,LAD,NL,0,1,0,0,0,0,0,0,0,0,0,0,0,0,,,,,,,,0,0,0,0,0,0,1,,henried01
629,Sam Hentges,29,SFG,NL,0,1,0,0,0,0,0,0,0,0,0,0,0,0,,,,,,,,0,0,0,0,0,0,1,,hentgsa01
630,Raisel Iglesias,36,ATL,NL,0,4,0,0,0,0,0,0,0,0,0,0,0,0,,,,,,,,0,0,0,0,0,0,1,,iglesra01
631,William Kempner,25,MIA,NL,0,1,0,0,0,0,0,0,0,0,0,0,0,0,,,,,,,,0,0,0,0,0,0,/1,,kempnwi01
632,Orion Kerkering,25,PHI,NL,0,1,0,0,0,0,0,0,0,0,0,0,0,0,,,,,,,,0,0,0,0,0,0,1,,kerkeor01
633,Tyler Kinley,35,ATL,NL,0,1,0,0,0,0,0,0,0,0,0,0,0,0,,,,,,,,0,0,0,0,0,0,1,,kinlety01
634,Alex Lange,30,KCR,AL,0,1,0,0,0,0,0,0,0,0,0,0,0,0,,,,,,,,0,0,0,0,0,0,1,,langeal01
635,Jacob Latz,30,TEX,AL,0,1,0,0,0,0,0,0,0,0,0,0,0,0,,,,,,,,0,0,0,0,0,0,1,,latzja01
636,Jonathan Loáisiga,31,ARI,NL,0,1,0,0,0,0,0,0,0,0,0,0,0,0,,,,,,,,0,0,0,0,0,0,1,,loaisjo01
637,Reynaldo López,32,ATL,NL,0,1,0,0,0,0,0,0,0,0,0,0,0,0,,,,,,,,0,0,0,0,0,0,1,,lopezre01
638,Brad Lord,26,WSN,NL,0,2,0,0,0,0,0,0,0,0,0,0,0,0,,,,,,,,0,0,0,0,0,0,1,,lordbr02
639,Trevor Megill,32,MIL,NL,0,2,0,0,0,0,0,0,0,0,0,0,0,0,,,,,,,,0,0,0,0,0,0,1,,megiltr01
640,Daniel Palencia,26,CHC,NL,0,1,0,0,0,0,0,0,0,0,0,0,0,0,,,,,,,,0,0,0,0,0,0,1,,palenda01
641,Chad Patrick,27,MIL,NL,0,1,0,0,0,0,0,0,0,0,0,0,0,0,,,,,,,,0,0,0,0,0,0,1,,patrich01
642,Jack Perkins,26,ATH,AL,0,1,0,0,0,0,0,0,0,0,0,0,0,0,,,,,,,,0,0,0,0,0,0,1,,perkija01
643,Orlando Ribalta,28,WSN,NL,0,1,0,0,0,0,0,0,0,0,0,0,0,0,,,,,,,,0,0,0,0,0,0,1,,ribalor01
644,JR Ritchie,23,ATL,NL,0,1,0,0,0,0,0,0,0,0,0,0,0,0,,,,,,,,0,0,0,0,0,0,/1,,ritchjr01
645,Ryan Rolison,28,CHC,NL,0,1,0,0,0,0,0,0,0,0,0,0,0,0,,,,,,,,0,0,0,0,0,0,1,,rolisry01
646,Paxton Schultz,28,WSN,NL,0,1,0,0,0,0,0,0,0,0,0,0,0,0,,,,,,,,0,0,0,0,0,0,1,,schulpa01
647,Connor Seabold,30,KCR,AL,0,1,0,0,0,0,0,0,0,0,0,0,0,0,,,,,,,,0,0,0,0,0,0,/1,,seaboco01
648,Chase Shugart,29,PHI,NL,0,1,0,0,0,0,0,0,0,0,0,0,0,0,,,,,,,,0,0,0,0,0,0,1,,shugach01
649,Cade Smith,27,CLE,AL,0,1,0,0,0,0,0,0,0,0,0,0,0,0,,,,,,,,0,0,0,0,0,0,1,,smithca06
650,Dylan Smith,26,SFG,NL,0,1,0,0,0,0,0,0,0,0,0,0,0,0,,,,,,,,0,0,0,0,0,0,1,,smithdy01
651,George Soriano,27,STL,NL,0,1,0,0,0,0,0,0,0,0,0,0,0,0,,,,,,,,0,0,0,0,0,0,1,,soriage01
652,Gabe Speier,31,SEA,AL,0,1,0,0,0,0,0,0,0,0,0,0,0,0,,,,,,,,0,0,0,0,0,0,1,,speiega01
653,Robert Suarez,35,ATL,NL,0,3,0,0,0,0,0,0,0,0,0,0,0,0,,,,,,,,0,0,0,0,0,0,1,,suarero01
654,Caleb Thielbar,39,CHC,NL,0,1,0,0,0,0,0,0,0,0,0,0,0,0,,,,,,,,0,0,0,0,0,0,1,,thielca01
655,Ricky Vanasco,27,DET,AL,0,1,0,0,0,0,0,0,0,0,0,0,0,0,,,,,,,,0,0,0,0,0,0,/1,,vanasri01
656,Gus Varland,29,WSN,NL,0,1,0,0,0,0,0,0,0,0,0,0,0,0,,,,,,,,0,0,0,0,0,0,1,,varlagu01
657,Alex Vesia,30,LAD,NL,0,1,0,0,0,0,0,0,0,0,0,0,0,0,,,,,,,,0,0,0,0,0,0,1,,vesiaal01
658,Will Vest,31,DET,AL,0,1,0,0,0,0,0,0,0,0,0,0,0,0,,,,,,,,0,0,0,0,0,0,1,,vestwi01
659,Victor Vodnik,26,COL,NL,0,1,0,0,0,0,0,0,0,0,0,0,0,0,,,,,,,,0,0,0,0,0,0,1,,vodnivi01
660,Luke Weaver,32,NYM,NL,0,1,0,0,0,0,0,0,0,0,0,0,0,0,,,,,,,,0,0,0,0,0,0,1,,weavelu01
661,Garrett Whitlock,30,BOS,AL,0,1,0,0,0,0,0,0,0,0,0,0,0,0,,,,,,,,0,0,0,0,0,0,1,,whitlga01
662,Devin Williams,31,NYM,NL,0,1,0,0,0,0,0,0,0,0,0,0,0,0,,,,,,,,0,0,0,0,0,0,1,,willide03
663,Keaton Winn,28,SFG,NL,0,1,0,0,0,0,0,0,0,0,0,0,0,0,,,,,,,,0,0,0,0,0,0,1,,winnke01
,MLB Average,,,,,,,,,,,,,,,,,,0.243,0.319,0.4,0.719,100,0.323,100,,,,,,,,,-9999